Workbook

Sheet ESPN
A1: Rank | B1: Name | C1: Team | D1: Position | E1: Value | G1: Last Updated: 8/18/22
A2: 1 | B2: Jonathan Taylor | C2: IND | D2: RB | E2: 61
A3: 2 | B3: Christian McCaffrey | C3: CAR | D3: RB | E3: 59
A4: 3 | B4: Cooper Kupp | C4: LAR | D4: WR | E4: 59
A5: 4 | B5: Austin Ekeler | C5: LAC | D5: RB | E5: 58
A6: 5 | B6: Justin Jefferson | C6: MIN | D6: WR | E6: 55
A7: 6 | B7: Ja'Marr Chase | C7: CIN | D7: WR | E7: 54
A8: 7 | B8: Derrick Henry | C8: TEN | D8: RB | E8: 52
A9: 8 | B9: Najee Harris | C9: PIT | D9: RB | E9: 50
A10: 9 | B10: Davante Adams | C10: LV | D10: WR | E10: 49
A11: 10 | B11: Dalvin Cook | C11: MIN | D11: RB | E11: 46
A12: 11 | B12: Deebo Samuel | C12: SF | D12: WR | E12: 45
A13: 12 | B13: Stefon Diggs | C13: BUF | D13: WR | E13: 44
... A297: 296 | B297: Houston Texans | C297: HOU | D297: DST | E297: 0

Sheet FantasyPro
A1: Rank | B1: Name | C1: Team | D1: Position | E1: Value | G1: Last Updated: 8/18/22
A2: 1 | B2: Jonathan Taylor | C2: IND | D2: RB | E2: 76
A3: 2 | B3: Christian McCaffrey | C3: CAR | D3: RB | E3: 64
A4: 3 | B4: Austin Ekeler | C4: LAC | D4: RB | E4: 63
A5: 4 | B5: Dalvin Cook | C5: MIN | D5: RB | E5: 58
A6: 5 | B6: Justin Jefferson | C6: MIN | D6: WR | E6: 56
A7: 6 | B7: Derrick Henry | C7: TEN | D7: RB | E7: 51
A8: 7 | B8: Cooper Kupp | C8: LAR | D8: WR | E8: 50
A9: 8 | B9: Najee Harris | C9: PIT | D9: RB | E9: 45
A10: 9 | B10: Ja'Marr Chase | C10: CIN | D10: WR | E10: 44
A11: 10 | B11: Joe Mixon | C11: CIN | D11: RB | E11: 43
A12: 11 | B12: Stefon Diggs | C12: BUF | D12: WR | E12: 41
A13: 12 | B13: D'Andre Swift | C13: DET | D13: RB | E13: 40
... A773: 772 | B773: Houston Texans | C773: HOU | D773: DST | E773: 0

Sheet FFToolbox
A1: Rank | B1: Name | C1: Team | D1: Position | E1: Value | G1: Last Updated: 8/18/22
A2: 1 | B2: Jonathan Taylor | C2: IND | D2: RB | E2: 62
A3: 2 | B3: Christian McCaffrey | C3: CAR | D3: RB | E3: 60
A4: 3 | B4: Justin Jefferson | C4: MIN | D4: WR | E4: 59
A5: 4 | B5: Cooper Kupp | C5: LAR | D5: WR | E5: 54
A6: 5 | B6: Ja'Marr Chase | C6: CIN | D6: WR | E6: 48
A7: 7 | B7: Austin Ekeler | C7: LAC | D7: RB | E7: 47
A8: 6 | B8: Stefon Diggs | C8: BUF | D8: WR | E8: 44
A9: 8 | B9: D'Andre Swift | C9: DET | D9: RB | E9: 43
A10: 9 | B10: Davante Adams | C10: LVR | D10: WR | E10: 43
A11: 10 | B11: Dalvin Cook | C11: MIN | D11: RB | E11: 42
A12: 10.933333 | B12: Najee Harris | C12: PIT | D12: RB | E12: 41
A13: 11.921212 | B13: CeeDee Lamb | C13: DAL | D13: WR | E13: 41
... A414: 408.06061 | B414: Irv Smith | C414: MIN | D414: TE | E414: 0

Sheet Rotowire
A1: Rank | B1: Name | C1: Team | D1: Position | E1: Value | G1: Last Updated: 8/14/22
A2: 1 | B2: Josh Allen | C2: BUF | D2: QB | E2: 95
A3: 2 | B3: Jonathan Taylor | C3: IND | D3: RB | E3: 91
A4: 3 | B4: Patrick Mahomes | C4: KC | D4: QB | E4: 77
A5: 4 | B5: Cooper Kupp | C5: LAR | D5: WR | E5: 62
A6: 5 | B6: Deebo Samuel | C6: SF | D6: WR | E6: 61
A7: 6 | B7: Justin Herbert | C7: LAC | D7: QB | E7: 60
A8: 7 | B8: Derrick Henry | C8: TEN | D8: RB | E8: 58
A9: 8 | B9: Ja'Marr Chase | C9: CIN | D9: WR | E9: 58
A10: 9 | B10: Austin Ekeler | C10: LAC | D10: RB | E10: 58
A11: 10 | B11: Justin Jefferson | C11: MIN | D11: WR | E11: 56
A12: 11 | B12: Mark Andrews | C12: BAL | D12: TE | E12: 56
A13: 12 | B13: Travis Kelce | C13: KC | D13: TE | E13: 54
... A1076: 1075 | B1076: Anthony Gordon | C1076: KC | D1076: QB | E1076: 0

Sheet Ultimate Draft Kit
A1: Rank | B1: Name | C1: Team | D1: Position | E1: Value | G1: Last Updated: 8/18/22
A2: 1 | B2: Cooper Kupp | C2: LAR | D2: WR | E2: 70
A3: 2 | B3: Justin Jefferson | C3: MIN | D3: WR | E3: 69
A4: 3 | B4: Jonathan Taylor | C4: IND | D4: RB | E4: 67
A5: 4 | B5: Christian McCaffrey | C5: CAR | D5: RB | E5: 58
A6: 5 | B6: Josh Allen | C6: BUF | D6: QB | E6: 55
A7: 6 | B7: Austin Ekeler | C7: LAC | D7: RB | E7: 47
A8: 7 | B8: Justin Herbert | C8: LAC | D8: QB | E8: 45
A9: 8 | B9: Stefon Diggs | C9: BUF | D9: WR | E9: 45
A10: 9 | B10: Ja'Marr Chase | C10: CIN | D10: WR | E10: 44
A11: 10 | B11: Davante Adams | C11: LV | D11: WR | E11: 44
A12: 11 | B12: Derrick Henry | C12: TEN | D12: RB | E12: 43
A13: 12 | B13: Jalen Hurts | C13: PHI | D13: QB | E13: 39
... A325: 324 | B325: Ka'imi Fairbairn | C325: HOU | D325: K | E325: 1

Sheet Sleeper
A1: Rank | B1: Name | C1: Team | D1: Position | E1: Value | G1: Last Updated: 8/18/22
A2: 1 | B2: Jonathan Taylor | C2: IND | D2: RB | E2: 78
A3: 2 | B3: Christian McCaffrey | C3: CAR | D3: RB | E3: 64
A4: 3 | B4: Derrick Henry | C4: TEN | D4: RB | E4: 61
A5: 4 | B5: Dalvin Cook | C5: MIN | D5: RB | E5: 58
A6: 5 | B6: Austin Ekeler | C6: LAC | D6: RB | E6: 57
A7: 6 | B7: Joe Mixon | C7: CIN | D7: RB | E7: 56
A8: 7 | B8: Justin Jefferson | C8: MIN | D8: WR | E8: 54
A9: 8 | B9: Najee Harris | C9: PIT | D9: RB | E9: 54
A10: 9 | B10: Cooper Kupp | C10: LAR | D10: WR | E10: 52
A11: 10 | B11: Ja'Marr Chase | C11: CIN | D11: WR | E11: 46
A12: 11 | B12: Travis Kelce | C12: KC | D12: TE | E12: 45
A13: 12 | B13: James Conner | C13: ARI | D13: RB | E13: 45
... A155: 154 | B155: Joey Slye | C155: WAS | D155: K | E155: 1
A156: 155 | B156: Aldrick Rosas | D156: K | E156: 1
A157: 156 | B157: Greg Zuerlein | C157: NYJ | D157: K | E157: 1
A158: 157 | B158: Randy Bullock | C158: TEN | D158: K | E158: 1
A159: 158 | B159: Ryan Santoso | C159: JAX | D159: K | E159: 1
A160: 159 | B160: Jason Myers | C160: SEA | D160: K | E160: 1
A161: 160 | B161: Cairo Santos | C161: CHI | D161: K | E161: 1
A162: 161 | B162: Graham Gano | C162: NYG | D162: K | E162: 1
A163: 162 | B163: Zane Gonzalez | C163: CAR | D163: K | E163: 1
A164: 163 | B164: Chris Boswell | C164: PIT | D164: K | E164: 1
A165: 164 | B165: Ka'imi Fairbairn | C165: HOU | D165: K | E165: 1
A166: 165 | B166: Denver Broncos | C166: DEN | D166: DST | E166: 1
A167: 166 | B167: Los Angeles Chargers | C167: LAC | D167: DST | E167: 1
A168: 167 | B168: New York Giants | C168: NYG | D168: DST | E168: 1
... A330: 329 | B330: Jacoby Brissett | C330: CLE | D330: QB | E330: 1

Sheet Masterview
A1: Name | B1: JAK | C1: Tier | D1: Team | E1: Pos | F1: Bye Week | G1: Sleeper | H1: ESPN | I1: UDK | J1: Rotowire | K1: FantasyPro | L1: FFToolbox | M1: Avg Going Rate | N1: Variation
A2: Jonathan Taylor | B2: Yes | C2: 1 | D2: IND | E2: RB | F2: =vlookup(D2,'Team Bye List'!$A$1:$B$33,2,False) -> 14 | G2: =if(ISNA(vlookup($A2, Sleeper!$B$2:$E$330, 4, false)), 0, vlookup($A2, Sleeper!$B$2:$E$330, 4, false)) -> 78 | H2: =if(ISNA(vlookup($A2, ESPN!$B$2:$E$297, 4, false)), 0, vlookup($A2, ESPN!$B$2:$E$297, 4, false)) -> 61 | I2: =if(ISNA(vlookup($A2,'Ultimate Draft Kit'!$B$2:$E$324,4, false)), 0, vlookup($A2,'Ultimate Draft Kit'!$B$2:$E$324, 4, false)) -> 67 | J2: =if(ISNA(vlookup($A2,Rotowire!$B$2:$E$1075,4, false)), 0, vlookup($A2,Rotowire!$B$2:$E$1075, 4, false)) -> 91 | K2: =if(ISNA(vlookup($A2, FantasyPro!$B$2:$E$341,4,false)),0,vlookup($A2,FantasyPro!$B$2:$E$341,4,false)) -> 76 | L2: =if(ISNA(vlookup($A2, FFToolbox!$B$2:$E$414, 4, false)), 0, vlookup($A2, FFToolbox!$B$2:$E$414, 4, false)) -> 62 | M2: =Average(G2:L2) -> 72.5 | N2: =max(G2:L2)-min(G2:L2) -> 30
A3: Cooper Kupp | B3: Yes | C3: 1 | D3: LAR | E3: WR | F3: =vlookup(D3,'Team Bye List'!$A$1:$B$33,2,False) -> 8 | G3: =if(ISNA(vlookup($A3, Sleeper!$B$2:$E$330, 4, false)), 0, vlookup($A3, Sleeper!$B$2:$E$330, 4, false)) -> 52 | H3: =if(ISNA(vlookup($A3, ESPN!$B$2:$E$297, 4, false)), 0, vlookup($A3, ESPN!$B$2:$E$297, 4, false)) -> 59 | I3: =if(ISNA(vlookup($A3,'Ultimate Draft Kit'!$B$2:$E$324,4, false)), 0, vlookup($A3,'Ultimate Draft Kit'!$B$2:$E$324, 4, false)) -> 70 | J3: =if(ISNA(vlookup($A3,Rotowire!$B$2:$E$1075,4, false)), 0, vlookup($A3,Rotowire!$B$2:$E$1075, 4, false)) -> 62 | K3: =if(ISNA(vlookup($A3, FantasyPro!$B$2:$E$341,4,false)),0,vlookup($A3,FantasyPro!$B$2:$E$341,4,false)) -> 50 | L3: =if(ISNA(vlookup($A3, FFToolbox!$B$2:$E$414, 4, false)), 0, vlookup($A3, FFToolbox!$B$2:$E$414, 4, false)) -> 54 | M3: =Average(G3:L3) -> 57.833333 | N3: =max(G3:L3)-min(G3:L3) -> 20
A4: Justin Jefferson | B4: Yes | C4: 1 | D4: MIN | E4: WR | F4: =vlookup(D4,'Team Bye List'!$A$1:$B$33,2,False) -> 7 | G4: =if(ISNA(vlookup($A4, Sleeper!$B$2:$E$330, 4, false)), 0, vlookup($A4, Sleeper!$B$2:$E$330, 4, false)) -> 54 | H4: =if(ISNA(vlookup($A4, ESPN!$B$2:$E$297, 4, false)), 0, vlookup($A4, ESPN!$B$2:$E$297, 4, false)) -> 55 | I4: =if(ISNA(vlookup($A4,'Ultimate Draft Kit'!$B$2:$E$324,4, false)), 0, vlookup($A4,'Ultimate Draft Kit'!$B$2:$E$324, 4, false)) -> 69 | J4: =if(ISNA(vlookup($A4,Rotowire!$B$2:$E$1075,4, false)), 0, vlookup($A4,Rotowire!$B$2:$E$1075, 4, false)) -> 56 | K4: =if(ISNA(vlookup($A4, FantasyPro!$B$2:$E$341,4,false)),0,vlookup($A4,FantasyPro!$B$2:$E$341,4,false)) -> 56 | L4: =if(ISNA(vlookup($A4, FFToolbox!$B$2:$E$414, 4, false)), 0, vlookup($A4, FFToolbox!$B$2:$E$414, 4, false)) -> 59 | M4: =Average(G4:L4) -> 58.166667 | N4: =max(G4:L4)-min(G4:L4) -> 15
A5: Christian McCaffrey | B5: Yes | C5: 1 | D5: CAR | E5: RB | F5: =vlookup(D5,'Team Bye List'!$A$1:$B$33,2,False) -> 13 | G5: =if(ISNA(vlookup($A5, Sleeper!$B$2:$E$330, 4, false)), 0, vlookup($A5, Sleeper!$B$2:$E$330, 4, false)) -> 64 | H5: =if(ISNA(vlookup($A5, ESPN!$B$2:$E$297, 4, false)), 0, vlookup($A5, ESPN!$B$2:$E$297, 4, false)) -> 59 | I5: =if(ISNA(vlookup($A5,'Ultimate Draft Kit'!$B$2:$E$324,4, false)), 0, vlookup($A5,'Ultimate Draft Kit'!$B$2:$E$324, 4, false)) -> 58 | J5: =if(ISNA(vlookup($A5,Rotowire!$B$2:$E$1075,4, false)), 0, vlookup($A5,Rotowire!$B$2:$E$1075, 4, false)) -> 35 | K5: =if(ISNA(vlookup($A5, FantasyPro!$B$2:$E$341,4,false)),0,vlookup($A5,FantasyPro!$B$2:$E$341,4,false)) -> 64 | L5: =if(ISNA(vlookup($A5, FFToolbox!$B$2:$E$414, 4, false)), 0, vlookup($A5, FFToolbox!$B$2:$E$414, 4, false)) -> 60 | M5: =Average(G5:L5) -> 56.666667 | N5: =max(G5:L5)-min(G5:L5) -> 29
A6: Austin Ekeler | B6: Yes | C6: 2 | D6: LAC | E6: RB | F6: =vlookup(D6,'Team Bye List'!$A$1:$B$33,2,False) -> 6 | G6: =if(ISNA(vlookup($A6, Sleeper!$B$2:$E$330, 4, false)), 0, vlookup($A6, Sleeper!$B$2:$E$330, 4, false)) -> 57 | H6: =if(ISNA(vlookup($A6, ESPN!$B$2:$E$297, 4, false)), 0, vlookup($A6, ESPN!$B$2:$E$297, 4, false)) -> 58 | I6: =if(ISNA(vlookup($A6,'Ultimate Draft Kit'!$B$2:$E$324,4, false)), 0, vlookup($A6,'Ultimate Draft Kit'!$B$2:$E$324, 4, false)) -> 47 | J6: =if(ISNA(vlookup($A6,Rotowire!$B$2:$E$1075,4, false)), 0, vlookup($A6,Rotowire!$B$2:$E$1075, 4, false)) -> 58 | K6: =if(ISNA(vlookup($A6, FantasyPro!$B$2:$E$341,4,false)),0,vlookup($A6,FantasyPro!$B$2:$E$341,4,false)) -> 63 | L6: =if(ISNA(vlookup($A6, FFToolbox!$B$2:$E$414, 4, false)), 0, vlookup($A6, FFToolbox!$B$2:$E$414, 4, false)) -> 47 | M6: =Average(G6:L6) -> 55 | N6: =max(G6:L6)-min(G6:L6) -> 16
A7: Ja'Marr Chase | B7: Yes | C7: 2 | D7: CIN | E7: WR | F7: =vlookup(D7,'Team Bye List'!$A$1:$B$33,2,False) -> 10 | G7: =if(ISNA(vlookup($A7, Sleeper!$B$2:$E$330, 4, false)), 0, vlookup($A7, Sleeper!$B$2:$E$330, 4, false)) -> 46 | H7: =if(ISNA(vlookup($A7, ESPN!$B$2:$E$297, 4, false)), 0, vlookup($A7, ESPN!$B$2:$E$297, 4, false)) -> 54 | I7: =if(ISNA(vlookup($A7,'Ultimate Draft Kit'!$B$2:$E$324,4, false)), 0, vlookup($A7,'Ultimate Draft Kit'!$B$2:$E$324, 4, false)) -> 44 | J7: =if(ISNA(vlookup($A7,Rotowire!$B$2:$E$1075,4, false)), 0, vlookup($A7,Rotowire!$B$2:$E$1075, 4, false)) -> 58 | K7: =if(ISNA(vlookup($A7, FantasyPro!$B$2:$E$341,4,false)),0,vlookup($A7,FantasyPro!$B$2:$E$341,4,false)) -> 44 | L7: =if(ISNA(vlookup($A7, FFToolbox!$B$2:$E$414, 4, false)), 0, vlookup($A7, FFToolbox!$B$2:$E$414, 4, false)) -> 48 | M7: =Average(G7:L7) -> 49 | N7: =max(G7:L7)-min(G7:L7) -> 14
A8: Derrick Henry | B8: Yes | C8: 2 | D8: TEN | E8: RB | F8: =vlookup(D8,'Team Bye List'!$A$1:$B$33,2,False) -> 6 | G8: =if(ISNA(vlookup($A8, Sleeper!$B$2:$E$330, 4, false)), 0, vlookup($A8, Sleeper!$B$2:$E$330, 4, false)) -> 61 | H8: =if(ISNA(vlookup($A8, ESPN!$B$2:$E$297, 4, false)), 0, vlookup($A8, ESPN!$B$2:$E$297, 4, false)) -> 52 | I8: =if(ISNA(vlookup($A8,'Ultimate Draft Kit'!$B$2:$E$324,4, false)), 0, vlookup($A8,'Ultimate Draft Kit'!$B$2:$E$324, 4, false)) -> 43 | J8: =if(ISNA(vlookup($A8,Rotowire!$B$2:$E$1075,4, false)), 0, vlookup($A8,Rotowire!$B$2:$E$1075, 4, false)) -> 58 | K8: =if(ISNA(vlookup($A8, FantasyPro!$B$2:$E$341,4,false)),0,vlookup($A8,FantasyPro!$B$2:$E$341,4,false)) -> 51 | L8: =if(ISNA(vlookup($A8, FFToolbox!$B$2:$E$414, 4, false)), 0, vlookup($A8, FFToolbox!$B$2:$E$414, 4, false)) -> 39 | M8: =Average(G8:L8) -> 50.666667 | N8: =max(G8:L8)-min(G8:L8) -> 22
A9: Josh Allen | B9: Yes | C9: 1 | D9: BUF | E9: QB | F9: =vlookup(D9,'Team Bye List'!$A$1:$B$33,2,False) -> 7 | G9: =if(ISNA(vlookup($A9, Sleeper!$B$2:$E$330, 4, false)), 0, vlookup($A9, Sleeper!$B$2:$E$330, 4, false)) -> 39 | H9: =if(ISNA(vlookup($A9, ESPN!$B$2:$E$297, 4, false)), 0, vlookup($A9, ESPN!$B$2:$E$297, 4, false)) -> 19 | I9: =if(ISNA(vlookup($A9,'Ultimate Draft Kit'!$B$2:$E$324,4, false)), 0, vlookup($A9,'Ultimate Draft Kit'!$B$2:$E$324, 4, false)) -> 55 | J9: =if(ISNA(vlookup($A9,Rotowire!$B$2:$E$1075,4, false)), 0, vlookup($A9,Rotowire!$B$2:$E$1075, 4, false)) -> 95 | K9: =if(ISNA(vlookup($A9, FantasyPro!$B$2:$E$341,4,false)),0,vlookup($A9,FantasyPro!$B$2:$E$341,4,false)) -> 25 | L9: =if(ISNA(vlookup($A9, FFToolbox!$B$2:$E$414, 4, false)), 0, vlookup($A9, FFToolbox!$B$2:$E$414, 4, false)) -> 24 | M9: =Average(G9:L9) -> 42.833333 | N9: =max(G9:L9)-min(G9:L9) -> 76
A10: Deebo Samuel | B10: Yes | C10: 3 | D10: SF | E10: WR | F10: =vlookup(D10,'Team Bye List'!$A$1:$B$33,2,False) -> 11 | G10: =if(ISNA(vlookup($A10, Sleeper!$B$2:$E$330, 4, false)), 0, vlookup($A10, Sleeper!$B$2:$E$330, 4, false)) -> 33 | H10: =if(ISNA(vlookup($A10, ESPN!$B$2:$E$297, 4, false)), 0, vlookup($A10, ESPN!$B$2:$E$297, 4, false)) -> 45 | I10: =if(ISNA(vlookup($A10,'Ultimate Draft Kit'!$B$2:$E$324,4, false)), 0, vlookup($A10,'Ultimate Draft Kit'!$B$2:$E$324, 4, false)) -> 33 | J10: =if(ISNA(vlookup($A10,Rotowire!$B$2:$E$1075,4, false)), 0, vlookup($A10,Rotowire!$B$2:$E$1075, 4, false)) -> 61 | K10: =if(ISNA(vlookup($A10, FantasyPro!$B$2:$E$341,4,false)),0,vlookup($A10,FantasyPro!$B$2:$E$341,4,false)) -> 34 | L10: =if(ISNA(vlookup($A10, FFToolbox!$B$2:$E$414, 4, false)), 0, vlookup($A10, FFToolbox!$B$2:$E$414, 4, false)) -> 33 | M10: =Average(G10:L10) -> 39.833333 | N10: =max(G10:L10)-min(G10:L10) -> 28
A11: Davante Adams | B11: Yes | C11: 2 | D11: LV | E11: WR | F11: =vlookup(D11,'Team Bye List'!$A$1:$B$33,2,False) -> 7 | G11: =if(ISNA(vlookup($A11, Sleeper!$B$2:$E$330, 4, false)), 0, vlookup($A11, Sleeper!$B$2:$E$330, 4, false)) -> 34 | H11: =if(ISNA(vlookup($A11, ESPN!$B$2:$E$297, 4, false)), 0, vlookup($A11, ESPN!$B$2:$E$297, 4, false)) -> 49 | I11: =if(ISNA(vlookup($A11,'Ultimate Draft Kit'!$B$2:$E$324,4, false)), 0, vlookup($A11,'Ultimate Draft Kit'!$B$2:$E$324, 4, false)) -> 44 | J11: =if(ISNA(vlookup($A11,Rotowire!$B$2:$E$1075,4, false)), 0, vlookup($A11,Rotowire!$B$2:$E$1075, 4, false)) -> 33 | K11: =if(ISNA(vlookup($A11, FantasyPro!$B$2:$E$341,4,false)),0,vlookup($A11,FantasyPro!$B$2:$E$341,4,false)) -> 39 | L11: =if(ISNA(vlookup($A11, FFToolbox!$B$2:$E$414, 4, false)), 0, vlookup($A11, FFToolbox!$B$2:$E$414, 4, false)) -> 43 | M11: =Average(G11:L11) -> 40.333333 | N11: =max(G11:L11)-min(G11:L11) -> 16
A12: Stefon Diggs | B12: Yes | C12: 2 | D12: BUF | E12: WR | F12: =vlookup(D12,'Team Bye List'!$A$1:$B$33,2,False) -> 7 | G12: =if(ISNA(vlookup($A12, Sleeper!$B$2:$E$330, 4, false)), 0, vlookup($A12, Sleeper!$B$2:$E$330, 4, false)) -> 35 | H12: =if(ISNA(vlookup($A12, ESPN!$B$2:$E$297, 4, false)), 0, vlookup($A12, ESPN!$B$2:$E$297, 4, false)) -> 44 | I12: =if(ISNA(vlookup($A12,'Ultimate Draft Kit'!$B$2:$E$324,4, false)), 0, vlookup($A12,'Ultimate Draft Kit'!$B$2:$E$324, 4, false)) -> 45 | J12: =if(ISNA(vlookup($A12,Rotowire!$B$2:$E$1075,4, false)), 0, vlookup($A12,Rotowire!$B$2:$E$1075, 4, false)) -> 38 | K12: =if(ISNA(vlookup($A12, FantasyPro!$B$2:$E$341,4,false)),0,vlookup($A12,FantasyPro!$B$2:$E$341,4,false)) -> 41 | L12: =if(ISNA(vlookup($A12, FFToolbox!$B$2:$E$414, 4, false)), 0, vlookup($A12, FFToolbox!$B$2:$E$414, 4, false)) -> 44 | M12: =Average(G12:L12) -> 41.166667 | N12: =max(G12:L12)-min(G12:L12) -> 10
A13: Dalvin Cook | B13: Yes | C13: 2 | D13: MIN | E13: RB | F13: =vlookup(D13,'Team Bye List'!$A$1:$B$33,2,False) -> 7 | G13: =if(ISNA(vlookup($A13, Sleeper!$B$2:$E$330, 4, false)), 0, vlookup($A13, Sleeper!$B$2:$E$330, 4, false)) -> 58 | H13: =if(ISNA(vlookup($A13, ESPN!$B$2:$E$297, 4, false)), 0, vlookup($A13, ESPN!$B$2:$E$297, 4, false)) -> 46 | I13: =if(ISNA(vlookup($A13,'Ultimate Draft Kit'!$B$2:$E$324,4, false)), 0, vlookup($A13,'Ultimate Draft Kit'!$B$2:$E$324, 4, false)) -> 39 | J13: =if(ISNA(vlookup($A13,Rotowire!$B$2:$E$1075,4, false)), 0, vlookup($A13,Rotowire!$B$2:$E$1075, 4, false)) -> 36 | K13: =if(ISNA(vlookup($A13, FantasyPro!$B$2:$E$341,4,false)),0,vlookup($A13,FantasyPro!$B$2:$E$341,4,false)) -> 58 | L13: =if(ISNA(vlookup($A13, FFToolbox!$B$2:$E$414, 4, false)), 0, vlookup($A13, FFToolbox!$B$2:$E$414, 4, false)) -> 42 | M13: =Average(G13:L13) -> 46.5 | N13: =max(G13:L13)-min(G13:L13) -> 22
... A189: Miami Dolphins | B189: No | C189: 24 | D189: MIA | E189: DST | F189: =vlookup(D189,'Team Bye List'!$A$1:$B$33,2,False) -> 11 | G189: =if(ISNA(vlookup($A189, Sleeper!$B$2:$E$330, 4, false)), 0, vlookup($A189, Sleeper!$B$2:$E$330, 4, false)) -> 1 | H189: =if(ISNA(vlookup($A189, ESPN!$B$2:$E$297, 4, false)), 0, vlookup($A189, ESPN!$B$2:$E$297, 4, false)) -> 0 | I189: =if(ISNA(vlookup($A189,'Ultimate Draft Kit'!$B$2:$E$324,4, false)), 0, vlookup($A189,'Ultimate Draft Kit'!$B$2:$E$324, 4, false)) -> 1 | J189: =if(ISNA(vlookup($A189,Rotowire!$B$2:$E$1075,4, false)), 0, vlookup($A189,Rotowire!$B$2:$E$1075, 4, false)) -> 0 | K189: =if(ISNA(vlookup($A189, FantasyPro!$B$2:$E$341,4,false)),0,vlookup($A189,FantasyPro!$B$2:$E$341,4,false)) -> 0 | L189: =if(ISNA(vlookup($A189, FFToolbox!$B$2:$E$414, 4, false)), 0, vlookup($A189, FFToolbox!$B$2:$E$414, 4, false)) -> 0 | M189: =Average(G189:L189) -> 0.33333333 | N189: =max(G189:L189)-min(G189:L189) -> 1
A190: Jonathan Garibay | B190: No | C190: NR | D190: DAL | E190: K | F190: =vlookup(D190,'Team Bye List'!$A$1:$B$33,2,False) -> 9 | G190: =if(ISNA(vlookup($A190, Sleeper!$B$2:$E$330, 4, false)), 0, vlookup($A190, Sleeper!$B$2:$E$330, 4, false)) -> 1 | H190: =if(ISNA(vlookup($A190, ESPN!$B$2:$E$297, 4, false)), 0, vlookup($A190, ESPN!$B$2:$E$297, 4, false)) -> 0 | I190: =if(ISNA(vlookup($A190,'Ultimate Draft Kit'!$B$2:$E$324,4, false)), 0, vlookup($A190,'Ultimate Draft Kit'!$B$2:$E$324, 4, false)) -> 0 | J190: =if(ISNA(vlookup($A190,Rotowire!$B$2:$E$1075,4, false)), 0, vlookup($A190,Rotowire!$B$2:$E$1075, 4, false)) -> 0 | K190: =if(ISNA(vlookup($A190, FantasyPro!$B$2:$E$341,4,false)),0,vlookup($A190,FantasyPro!$B$2:$E$341,4,false)) -> 0 | L190: =if(ISNA(vlookup($A190, FFToolbox!$B$2:$E$414, 4, false)), 0, vlookup($A190, FFToolbox!$B$2:$E$414, 4, false)) -> 0 | M190: =Average(G190:L190) -> 0.16666667 | N190: =max(G190:L190)-min(G190:L190) -> 1
A191: Mason Crosby | B191: No | C191: 19 | D191: GB | E191: K | F191: =vlookup(D191,'Team Bye List'!$A$1:$B$33,2,False) -> 14 | G191: =if(ISNA(vlookup($A191, Sleeper!$B$2:$E$330, 4, false)), 0, vlookup($A191, Sleeper!$B$2:$E$330, 4, false)) -> 1 | H191: =if(ISNA(vlookup($A191, ESPN!$B$2:$E$297, 4, false)), 0, vlookup($A191, ESPN!$B$2:$E$297, 4, false)) -> 0 | I191: =if(ISNA(vlookup($A191,'Ultimate Draft Kit'!$B$2:$E$324,4, false)), 0, vlookup($A191,'Ultimate Draft Kit'!$B$2:$E$324, 4, false)) -> 1 | J191: =if(ISNA(vlookup($A191,Rotowire!$B$2:$E$1075,4, false)), 0, vlookup($A191,Rotowire!$B$2:$E$1075, 4, false)) -> 0 | K191: =if(ISNA(vlookup($A191, FantasyPro!$B$2:$E$341,4,false)),0,vlookup($A191,FantasyPro!$B$2:$E$341,4,false)) -> 0 | L191: =if(ISNA(vlookup($A191, FFToolbox!$B$2:$E$414, 4, false)), 0, vlookup($A191, FFToolbox!$B$2:$E$414, 4, false)) -> 1 | M191: =Average(G191:L191) -> 0.5 | N191: =max(G191:L191)-min(G191:L191) -> 1
A192: Albert Okwuegbunam | B192: No | C192: 5 | D192: DEN | E192: TE | F192: =vlookup(D192,'Team Bye List'!$A$1:$B$33,2,False) -> 9 | G192: =if(ISNA(vlookup($A192, Sleeper!$B$2:$E$330, 4, false)), 0, vlookup($A192, Sleeper!$B$2:$E$330, 4, false)) -> 7 | H192: =if(ISNA(vlookup($A192, ESPN!$B$2:$E$297, 4, false)), 0, vlookup($A192, ESPN!$B$2:$E$297, 4, false)) -> 0 | I192: =if(ISNA(vlookup($A192,'Ultimate Draft Kit'!$B$2:$E$324,4, false)), 0, vlookup($A192,'Ultimate Draft Kit'!$B$2:$E$324, 4, false)) -> 1 | J192: =if(ISNA(vlookup($A192,Rotowire!$B$2:$E$1075,4, false)), 0, vlookup($A192,Rotowire!$B$2:$E$1075, 4, false)) -> 0 | K192: =if(ISNA(vlookup($A192, FantasyPro!$B$2:$E$341,4,false)),0,vlookup($A192,FantasyPro!$B$2:$E$341,4,false)) -> 1 | L192: =if(ISNA(vlookup($A192, FFToolbox!$B$2:$E$414, 4, false)), 0, vlookup($A192, FFToolbox!$B$2:$E$414, 4, false)) -> 3 | M192: =Average(G192:L192) -> 2 | N192: =max(G192:L192)-min(G192:L192) -> 7
A193: Robert Tonyan | B193: No | C193: 6 | D193: GB | E193: TE | F193: =vlookup(D193,'Team Bye List'!$A$1:$B$33,2,False) -> 14 | G193: =if(ISNA(vlookup($A193, Sleeper!$B$2:$E$330, 4, false)), 0, vlookup($A193, Sleeper!$B$2:$E$330, 4, false)) -> 1 | H193: =if(ISNA(vlookup($A193, ESPN!$B$2:$E$297, 4, false)), 0, vlookup($A193, ESPN!$B$2:$E$297, 4, false)) -> 0 | I193: =if(ISNA(vlookup($A193,'Ultimate Draft Kit'!$B$2:$E$324,4, false)), 0, vlookup($A193,'Ultimate Draft Kit'!$B$2:$E$324, 4, false)) -> 1 | J193: =if(ISNA(vlookup($A193,Rotowire!$B$2:$E$1075,4, false)), 0, vlookup($A193,Rotowire!$B$2:$E$1075, 4, false)) -> 0 | K193: =if(ISNA(vlookup($A193, FantasyPro!$B$2:$E$341,4,false)),0,vlookup($A193,FantasyPro!$B$2:$E$341,4,false)) -> 1 | L193: =if(ISNA(vlookup($A193, FFToolbox!$B$2:$E$414, 4, false)), 0, vlookup($A193, FFToolbox!$B$2:$E$414, 4, false)) -> 1 | M193: =Average(G193:L193) -> 0.66666667 | N193: =max(G193:L193)-min(G193:L193) -> 1
A194: Austin Hooper | B194: No | C194: 6 | D194: TEN | E194: TE | F194: =vlookup(D194,'Team Bye List'!$A$1:$B$33,2,False) -> 6 | G194: =if(ISNA(vlookup($A194, Sleeper!$B$2:$E$330, 4, false)), 0, vlookup($A194, Sleeper!$B$2:$E$330, 4, false)) -> 1 | H194: =if(ISNA(vlookup($A194, ESPN!$B$2:$E$297, 4, false)), 0, vlookup($A194, ESPN!$B$2:$E$297, 4, false)) -> 0 | I194: =if(ISNA(vlookup($A194,'Ultimate Draft Kit'!$B$2:$E$324,4, false)), 0, vlookup($A194,'Ultimate Draft Kit'!$B$2:$E$324, 4, false)) -> 1 | J194: =if(ISNA(vlookup($A194,Rotowire!$B$2:$E$1075,4, false)), 0, vlookup($A194,Rotowire!$B$2:$E$1075, 4, false)) -> 0 | K194: =if(ISNA(vlookup($A194, FantasyPro!$B$2:$E$341,4,false)),0,vlookup($A194,FantasyPro!$B$2:$E$341,4,false)) -> 1 | L194: =if(ISNA(vlookup($A194, FFToolbox!$B$2:$E$414, 4, false)), 0, vlookup($A194, FFToolbox!$B$2:$E$414, 4, false)) -> 1 | M194: =Average(G194:L194) -> 0.66666667 | N194: =max(G194:L194)-min(G194:L194) -> 1
A195: Evan Engram | B195: No | C195: 5 | D195: JAC | E195: TE | F195: =vlookup(D195,'Team Bye List'!$A$1:$B$33,2,False) -> 11 | G195: =if(ISNA(vlookup($A195, Sleeper!$B$2:$E$330, 4, false)), 0, vlookup($A195, Sleeper!$B$2:$E$330, 4, false)) -> 1 | H195: =if(ISNA(vlookup($A195, ESPN!$B$2:$E$297, 4, false)), 0, vlookup($A195, ESPN!$B$2:$E$297, 4, false)) -> 0 | I195: =if(ISNA(vlookup($A195,'Ultimate Draft Kit'!$B$2:$E$324,4, false)), 0, vlookup($A195,'Ultimate Draft Kit'!$B$2:$E$324, 4, false)) -> 1 | J195: =if(ISNA(vlookup($A195,Rotowire!$B$2:$E$1075,4, false)), 0, vlookup($A195,Rotowire!$B$2:$E$1075, 4, false)) -> 0 | K195: =if(ISNA(vlookup($A195, FantasyPro!$B$2:$E$341,4,false)),0,vlookup($A195,FantasyPro!$B$2:$E$341,4,false)) -> 1 | L195: =if(ISNA(vlookup($A195, FFToolbox!$B$2:$E$414, 4, false)), 0, vlookup($A195, FFToolbox!$B$2:$E$414, 4, false)) -> 1 | M195: =Average(G195:L195) -> 0.66666667 | N195: =max(G195:L195)-min(G195:L195) -> 1
A196: Gus Edwards | B196: No | C196: 9 | D196: BAL | E196: RB | F196: =vlookup(D196,'Team Bye List'!$A$1:$B$33,2,False) -> 10 | G196: =if(ISNA(vlookup($A196, Sleeper!$B$2:$E$330, 4, false)), 0, vlookup($A196, Sleeper!$B$2:$E$330, 4, false)) -> 1 | H196: =if(ISNA(vlookup($A196, ESPN!$B$2:$E$297, 4, false)), 0, vlookup($A196, ESPN!$B$2:$E$297, 4, false)) -> 0 | I196: =if(ISNA(vlookup($A196,'Ultimate Draft Kit'!$B$2:$E$324,4, false)), 0, vlookup($A196,'Ultimate Draft Kit'!$B$2:$E$324, 4, false)) -> 1 | J196: =if(ISNA(vlookup($A196,Rotowire!$B$2:$E$1075,4, false)), 0, vlookup($A196,Rotowire!$B$2:$E$1075, 4, false)) -> 0 | K196: =if(ISNA(vlookup($A196, FantasyPro!$B$2:$E$341,4,false)),0,vlookup($A196,FantasyPro!$B$2:$E$341,4,false)) -> 1 | L196: =if(ISNA(vlookup($A196, FFToolbox!$B$2:$E$414, 4, false)), 0, vlookup($A196, FFToolbox!$B$2:$E$414, 4, false)) -> 1 | M196: =Average(G196:L196) -> 0.66666667 | N196: =max(G196:L196)-min(G196:L196) -> 1
A197: Isaiah Spiller | B197: No | C197: 9 | D197: LAC | E197: RB | F197: =vlookup(D197,'Team Bye List'!$A$1:$B$33,2,False) -> 6 | G197: =if(ISNA(vlookup($A197, Sleeper!$B$2:$E$330, 4, false)), 0, vlookup($A197, Sleeper!$B$2:$E$330, 4, false)) -> 1 | H197: =if(ISNA(vlookup($A197, ESPN!$B$2:$E$297, 4, false)), 0, vlookup($A197, ESPN!$B$2:$E$297, 4, false)) -> 0 | I197: =if(ISNA(vlookup($A197,'Ultimate Draft Kit'!$B$2:$E$324,4, false)), 0, vlookup($A197,'Ultimate Draft Kit'!$B$2:$E$324, 4, false)) -> 1 | J197: =if(ISNA(vlookup($A197,Rotowire!$B$2:$E$1075,4, false)), 0, vlookup($A197,Rotowire!$B$2:$E$1075, 4, false)) -> 0 | K197: =if(ISNA(vlookup($A197, FantasyPro!$B$2:$E$341,4,false)),0,vlookup($A197,FantasyPro!$B$2:$E$341,4,false)) -> 2 | L197: =if(ISNA(vlookup($A197, FFToolbox!$B$2:$E$414, 4, false)), 0, vlookup($A197, FFToolbox!$B$2:$E$414, 4, false)) -> 2 | M197: =Average(G197:L197) -> 1 | N197: =max(G197:L197)-min(G197:L197) -> 2
A198: Riley Patterson | B198: No | C198: NR | D198: DET | E198: K | F198: =vlookup(D198,'Team Bye List'!$A$1:$B$33,2,False) -> 6 | G198: =if(ISNA(vlookup($A198, Sleeper!$B$2:$E$330, 4, false)), 0, vlookup($A198, Sleeper!$B$2:$E$330, 4, false)) -> 0 | H198: =if(ISNA(vlookup($A198, ESPN!$B$2:$E$297, 4, false)), 0, vlookup($A198, ESPN!$B$2:$E$297, 4, false)) -> 0 | I198: =if(ISNA(vlookup($A198,'Ultimate Draft Kit'!$B$2:$E$324,4, false)), 0, vlookup($A198,'Ultimate Draft Kit'!$B$2:$E$324, 4, false)) -> 0 | J198: =if(ISNA(vlookup($A198,Rotowire!$B$2:$E$1075,4, false)), 0, vlookup($A198,Rotowire!$B$2:$E$1075, 4, false)) -> 1 | K198: =if(ISNA(vlookup($A198, FantasyPro!$B$2:$E$341,4,false)),0,vlookup($A198,FantasyPro!$B$2:$E$341,4,false)) -> 0 | L198: =if(ISNA(vlookup($A198, FFToolbox!$B$2:$E$414, 4, false)), 0, vlookup($A198, FFToolbox!$B$2:$E$414, 4, false)) -> 0 | M198: =Average(G198:L198) -> 0.16666667 | N198: =max(G198:L198)-min(G198:L198) -> 1
A199: Cincinnati Bengals | B199: No | C199: 20 | D199: CIN | E199: DST | F199: =vlookup(D199,'Team Bye List'!$A$1:$B$33,2,False) -> 10 | G199: =if(ISNA(vlookup($A199, Sleeper!$B$2:$E$330, 4, false)), 0, vlookup($A199, Sleeper!$B$2:$E$330, 4, false)) -> 1 | H199: =if(ISNA(vlookup($A199, ESPN!$B$2:$E$297, 4, false)), 0, vlookup($A199, ESPN!$B$2:$E$297, 4, false)) -> 0 | I199: =if(ISNA(vlookup($A199,'Ultimate Draft Kit'!$B$2:$E$324,4, false)), 0, vlookup($A199,'Ultimate Draft Kit'!$B$2:$E$324, 4, false)) -> 1 | J199: =if(ISNA(vlookup($A199,Rotowire!$B$2:$E$1075,4, false)), 0, vlookup($A199,Rotowire!$B$2:$E$1075, 4, false)) -> 0 | K199: =if(ISNA(vlookup($A199, FantasyPro!$B$2:$E$341,4,false)),0,vlookup($A199,FantasyPro!$B$2:$E$341,4,false)) -> 0 | L199: =if(ISNA(vlookup($A199, FFToolbox!$B$2:$E$414, 4, false)), 0, vlookup($A199, FFToolbox!$B$2:$E$414, 4, false)) -> 0 | M199: =Average(G199:L199) -> 0.33333333 | N199: =max(G199:L199)-min(G199:L199) -> 1
A200: Philadelphia Eagles | B200: No | C200: 18 | D200: PHI | E200: DST | F200: =vlookup(D200,'Team Bye List'!$A$1:$B$33,2,False) -> 7 | G200: =if(ISNA(vlookup($A200, Sleeper!$B$2:$E$330, 4, false)), 0, vlookup($A200, Sleeper!$B$2:$E$330, 4, false)) -> 1 | H200: =if(ISNA(vlookup($A200, ESPN!$B$2:$E$297, 4, false)), 0, vlookup($A200, ESPN!$B$2:$E$297, 4, false)) -> 0 | I200: =if(ISNA(vlookup($A200,'Ultimate Draft Kit'!$B$2:$E$324,4, false)), 0, vlookup($A200,'Ultimate Draft Kit'!$B$2:$E$324, 4, false)) -> 1 | J200: =if(ISNA(vlookup($A200,Rotowire!$B$2:$E$1075,4, false)), 0, vlookup($A200,Rotowire!$B$2:$E$1075, 4, false)) -> 0 | K200: =if(ISNA(vlookup($A200, FantasyPro!$B$2:$E$341,4,false)),0,vlookup($A200,FantasyPro!$B$2:$E$341,4,false)) -> 0 | L200: =if(ISNA(vlookup($A200, FFToolbox!$B$2:$E$414, 4, false)), 0, vlookup($A200, FFToolbox!$B$2:$E$414, 4, false)) -> 0 | M200: =Average(G200:L200) -> 0.33333333 | N200: =max(G200:L200)-min(G200:L200) -> 1
A201: Cleveland Browns | B201: No | C201: 13 | D201: CLE | E201: DST | F201: =vlookup(D201,'Team Bye List'!$A$1:$B$33,2,False) -> 9 | G201: =if(ISNA(vlookup($A201, Sleeper!$B$2:$E$330, 4, false)), 0, vlookup($A201, Sleeper!$B$2:$E$330, 4, false)) -> 1 | H201: =if(ISNA(vlookup($A201, ESPN!$B$2:$E$297, 4, false)), 0, vlookup($A201, ESPN!$B$2:$E$297, 4, false)) -> 0 | I201: =if(ISNA(vlookup($A201,'Ultimate Draft Kit'!$B$2:$E$324,4, false)), 0, vlookup($A201,'Ultimate Draft Kit'!$B$2:$E$324, 4, false)) -> 1 | J201: =if(ISNA(vlookup($A201,Rotowire!$B$2:$E$1075,4, false)), 0, vlookup($A201,Rotowire!$B$2:$E$1075, 4, false)) -> 0 | K201: =if(ISNA(vlookup($A201, FantasyPro!$B$2:$E$341,4,false)),0,vlookup($A201,FantasyPro!$B$2:$E$341,4,false)) -> 0 | L201: =if(ISNA(vlookup($A201, FFToolbox!$B$2:$E$414, 4, false)), 0, vlookup($A201, FFToolbox!$B$2:$E$414, 4, false)) -> 0 | M201: =Average(G201:L201) -> 0.33333333 | N201: =max(G201:L201)-min(G201:L201) -> 1
A202: New England Patriots | B202: No | C202: 21 | D202: NE | E202: DST | F202: =vlookup(D202,'Team Bye List'!$A$1:$B$33,2,False) -> 10 | G202: =if(ISNA(vlookup($A202, Sleeper!$B$2:$E$330, 4, false)), 0, vlookup($A202, Sleeper!$B$2:$E$330, 4, false)) -> 1 | H202: =if(ISNA(vlookup($A202, ESPN!$B$2:$E$297, 4, false)), 0, vlookup($A202, ESPN!$B$2:$E$297, 4, false)) -> 0 | I202: =if(ISNA(vlookup($A202,'Ultimate Draft Kit'!$B$2:$E$324,4, false)), 0, vlookup($A202,'Ultimate Draft Kit'!$B$2:$E$324, 4, false)) -> 1 | J202: =if(ISNA(vlookup($A202,Rotowire!$B$2:$E$1075,4, false)), 0, vlookup($A202,Rotowire!$B$2:$E$1075, 4, false)) -> 0 | K202: =if(ISNA(vlookup($A202, FantasyPro!$B$2:$E$341,4,false)),0,vlookup($A202,FantasyPro!$B$2:$E$341,4,false)) -> 1 | L202: =if(ISNA(vlookup($A202, FFToolbox!$B$2:$E$414, 4, false)), 0, vlookup($A202, FFToolbox!$B$2:$E$414, 4, false)) -> 0 | M202: =Average(G202:L202) -> 0.5 | N202: =max(G202:L202)-min(G202:L202) -> 1
A203: Arizona Cardinals | B203: No | C203: 15 | D203: ARI | E203: DST | F203: =vlookup(D203,'Team Bye List'!$A$1:$B$33,2,False) -> 13 | G203: =if(ISNA(vlookup($A203, Sleeper!$B$2:$E$330, 4, false)), 0, vlookup($A203, Sleeper!$B$2:$E$330, 4, false)) -> 1 | H203: =if(ISNA(vlookup($A203, ESPN!$B$2:$E$297, 4, false)), 0, vlookup($A203, ESPN!$B$2:$E$297, 4, false)) -> 0 | I203: =if(ISNA(vlookup($A203,'Ultimate Draft Kit'!$B$2:$E$324,4, false)), 0, vlookup($A203,'Ultimate Draft Kit'!$B$2:$E$324, 4, false)) -> 1 | J203: =if(ISNA(vlookup($A203,Rotowire!$B$2:$E$1075,4, false)), 0, vlookup($A203,Rotowire!$B$2:$E$1075, 4, false)) -> 0 | K203: =if(ISNA(vlookup($A203, FantasyPro!$B$2:$E$341,4,false)),0,vlookup($A203,FantasyPro!$B$2:$E$341,4,false)) -> 0 | L203: =if(ISNA(vlookup($A203, FFToolbox!$B$2:$E$414, 4, false)), 0, vlookup($A203, FFToolbox!$B$2:$E$414, 4, false)) -> 0 | M203: =Average(G203:L203) -> 0.33333333 | N203: =max(G203:L203)-min(G203:L203) -> 1
A204: Denver Broncos | B204: Yes | C204: 6 | D204: DEN | E204: DST | F204: =vlookup(D204,'Team Bye List'!$A$1:$B$33,2,False) -> 9 | G204: =if(ISNA(vlookup($A204, Sleeper!$B$2:$E$330, 4, false)), 0, vlookup($A204, Sleeper!$B$2:$E$330, 4, false)) -> 1 | H204: =if(ISNA(vlookup($A204, ESPN!$B$2:$E$297, 4, false)), 0, vlookup($A204, ESPN!$B$2:$E$297, 4, false)) -> 0 | I204: =if(ISNA(vlookup($A204,'Ultimate Draft Kit'!$B$2:$E$324,4, false)), 0, vlookup($A204,'Ultimate Draft Kit'!$B$2:$E$324, 4, false)) -> 1 | J204: =if(ISNA(vlookup($A204,Rotowire!$B$2:$E$1075,4, false)), 0, vlookup($A204,Rotowire!$B$2:$E$1075, 4, false)) -> 0 | K204: =if(ISNA(vlookup($A204, FantasyPro!$B$2:$E$341,4,false)),0,vlookup($A204,FantasyPro!$B$2:$E$341,4,false)) -> 1 | L204: =if(ISNA(vlookup($A204, FFToolbox!$B$2:$E$414, 4, false)), 0, vlookup($A204, FFToolbox!$B$2:$E$414, 4, false)) -> 0 | M204: =Average(G204:L204) -> 0.5 | N204: =max(G204:L204)-min(G204:L204) -> 1
A205: Tennessee Titans | B205: No | C205: 22 | D205: TEN | E205: DST | F205: =vlookup(D205,'Team Bye List'!$A$1:$B$33,2,False) -> 6 | G205: =if(ISNA(vlookup($A205, Sleeper!$B$2:$E$330, 4, false)), 0, vlookup($A205, Sleeper!$B$2:$E$330, 4, false)) -> 1 | H205: =if(ISNA(vlookup($A205, ESPN!$B$2:$E$297, 4, false)), 0, vlookup($A205, ESPN!$B$2:$E$297, 4, false)) -> 0 | I205: =if(ISNA(vlookup($A205,'Ultimate Draft Kit'!$B$2:$E$324,4, false)), 0, vlookup($A205,'Ultimate Draft Kit'!$B$2:$E$324, 4, false)) -> 1 | J205: =if(ISNA(vlookup($A205,Rotowire!$B$2:$E$1075,4, false)), 0, vlookup($A205,Rotowire!$B$2:$E$1075, 4, false)) -> 0 | K205: =if(ISNA(vlookup($A205, FantasyPro!$B$2:$E$341,4,false)),0,vlookup($A205,FantasyPro!$B$2:$E$341,4,false)) -> 0 | L205: =if(ISNA(vlookup($A205, FFToolbox!$B$2:$E$414, 4, false)), 0, vlookup($A205, FFToolbox!$B$2:$E$414, 4, false)) -> 0 | M205: =Average(G205:L205) -> 0.33333333 | N205: =max(G205:L205)-min(G205:L205) -> 1
A206: Kansas City Chiefs | B206: No | C206: 14 | D206: KC | E206: DST | F206: =vlookup(D206,'Team Bye List'!$A$1:$B$33,2,False) -> 8 | G206: =if(ISNA(vlookup($A206, Sleeper!$B$2:$E$330, 4, false)), 0, vlookup($A206, Sleeper!$B$2:$E$330, 4, false)) -> 1 | H206: =if(ISNA(vlookup($A206, ESPN!$B$2:$E$297, 4, false)), 0, vlookup($A206, ESPN!$B$2:$E$297, 4, false)) -> 0 | I206: =if(ISNA(vlookup($A206,'Ultimate Draft Kit'!$B$2:$E$324,4, false)), 0, vlookup($A206,'Ultimate Draft Kit'!$B$2:$E$324, 4, false)) -> 1 | J206: =if(ISNA(vlookup($A206,Rotowire!$B$2:$E$1075,4, false)), 0, vlookup($A206,Rotowire!$B$2:$E$1075, 4, false)) -> 0 | K206: =if(ISNA(vlookup($A206, FantasyPro!$B$2:$E$341,4,false)),0,vlookup($A206,FantasyPro!$B$2:$E$341,4,false)) -> 0 | L206: =if(ISNA(vlookup($A206, FFToolbox!$B$2:$E$414, 4, false)), 0, vlookup($A206, FFToolbox!$B$2:$E$414, 4, false)) -> 0 | M206: =Average(G206:L206) -> 0.33333333 | N206: =max(G206:L206)-min(G206:L206) -> 1
A207: New York Giants | B207: No | C207: 8 | D207: NYG | E207: DST | F207: =vlookup(D207,'Team Bye List'!$A$1:$B$33,2,False) -> 9 | G207: =if(ISNA(vlookup($A207, Sleeper!$B$2:$E$330, 4, false)), 0, vlookup($A207, Sleeper!$B$2:$E$330, 4, false)) -> 1 | H207: =if(ISNA(vlookup($A207, ESPN!$B$2:$E$297, 4, false)), 0, vlookup($A207, ESPN!$B$2:$E$297, 4, false)) -> 0 | I207: =if(ISNA(vlookup($A207,'Ultimate Draft Kit'!$B$2:$E$324,4, false)), 0, vlookup($A207,'Ultimate Draft Kit'!$B$2:$E$324, 4, false)) -> 1 | J207: =if(ISNA(vlookup($A207,Rotowire!$B$2:$E$1075,4, false)), 0, vlookup($A207,Rotowire!$B$2:$E$1075, 4, false)) -> 0 | K207: =if(ISNA(vlookup($A207, FantasyPro!$B$2:$E$341,4,false)),0,vlookup($A207,FantasyPro!$B$2:$E$341,4,false)) -> 0 | L207: =if(ISNA(vlookup($A207, FFToolbox!$B$2:$E$414, 4, false)), 0, vlookup($A207, FFToolbox!$B$2:$E$414, 4, false)) -> 0 | M207: =Average(G207:L207) -> 0.33333333 | N207: =max(G207:L207)-min(G207:L207) -> 1
A208: Las Vegas Raiders | B208: No | C208: 27 | D208: LV | E208: DST | F208: =vlookup(D208,'Team Bye List'!$A$1:$B$33,2,False) -> 7 | G208: =if(ISNA(vlookup($A208, Sleeper!$B$2:$E$330, 4, false)), 0, vlookup($A208, Sleeper!$B$2:$E$330, 4, false)) -> 1 | H208: =if(ISNA(vlookup($A208, ESPN!$B$2:$E$297, 4, false)), 0, vlookup($A208, ESPN!$B$2:$E$297, 4, false)) -> 0 | I208: =if(ISNA(vlookup($A208,'Ultimate Draft Kit'!$B$2:$E$324,4, false)), 0, vlookup($A208,'Ultimate Draft Kit'!$B$2:$E$324, 4, false)) -> 1 | J208: =if(ISNA(vlookup($A208,Rotowire!$B$2:$E$1075,4, false)), 0, vlookup($A208,Rotowire!$B$2:$E$1075, 4, false)) -> 0 | K208: =if(ISNA(vlookup($A208, FantasyPro!$B$2:$E$341,4,false)),0,vlookup($A208,FantasyPro!$B$2:$E$341,4,false)) -> 0 | L208: =if(ISNA(vlookup($A208, FFToolbox!$B$2:$E$414, 4, false)), 0, vlookup($A208, FFToolbox!$B$2:$E$414, 4, false)) -> 0 | M208: =Average(G208:L208) -> 0.33333333 | N208: =max(G208:L208)-min(G208:L208) -> 1
A209: New York Jets | B209: No | C209: 25 | D209: NYJ | E209: DST | F209: =vlookup(D209,'Team Bye List'!$A$1:$B$33,2,False) -> 10 | G209: =if(ISNA(vlookup($A209, Sleeper!$B$2:$E$330, 4, false)), 0, vlookup($A209, Sleeper!$B$2:$E$330, 4, false)) -> 1 | H209: =if(ISNA(vlookup($A209, ESPN!$B$2:$E$297, 4, false)), 0, vlookup($A209, ESPN!$B$2:$E$297, 4, false)) -> 0 | I209: =if(ISNA(vlookup($A209,'Ultimate Draft Kit'!$B$2:$E$324,4, false)), 0, vlookup($A209,'Ultimate Draft Kit'!$B$2:$E$324, 4, false)) -> 1 | J209: =if(ISNA(vlookup($A209,Rotowire!$B$2:$E$1075,4, false)), 0, vlookup($A209,Rotowire!$B$2:$E$1075, 4, false)) -> 0 | K209: =if(ISNA(vlookup($A209, FantasyPro!$B$2:$E$341,4,false)),0,vlookup($A209,FantasyPro!$B$2:$E$341,4,false)) -> 0 | L209: =if(ISNA(vlookup($A209, FFToolbox!$B$2:$E$414, 4, false)), 0, vlookup($A209, FFToolbox!$B$2:$E$414, 4, false)) -> 0 | M209: =Average(G209:L209) -> 0.33333333 | N209: =max(G209:L209)-min(G209:L209) -> 1
A210: Carolina Panthers | B210: No | C210: 19 | D210: CAR | E210: DST | F210: =vlookup(D210,'Team Bye List'!$A$1:$B$33,2,False) -> 13 | G210: =if(ISNA(vlookup($A210, Sleeper!$B$2:$E$330, 4, false)), 0, vlookup($A210, Sleeper!$B$2:$E$330, 4, false)) -> 1 | H210: =if(ISNA(vlookup($A210, ESPN!$B$2:$E$297, 4, false)), 0, vlookup($A210, ESPN!$B$2:$E$297, 4, false)) -> 0 | I210: =if(ISNA(vlookup($A210,'Ultimate Draft Kit'!$B$2:$E$324,4, false)), 0, vlookup($A210,'Ultimate Draft Kit'!$B$2:$E$324, 4, false)) -> 1 | J210: =if(ISNA(vlookup($A210,Rotowire!$B$2:$E$1075,4, false)), 0, vlookup($A210,Rotowire!$B$2:$E$1075, 4, false)) -> 0 | K210: =if(ISNA(vlookup($A210, FantasyPro!$B$2:$E$341,4,false)),0,vlookup($A210,FantasyPro!$B$2:$E$341,4,false)) -> 0 | L210: =if(ISNA(vlookup($A210, FFToolbox!$B$2:$E$414, 4, false)), 0, vlookup($A210, FFToolbox!$B$2:$E$414, 4, false)) -> 0 | M210: =Average(G210:L210) -> 0.33333333 | N210: =max(G210:L210)-min(G210:L210) -> 1
... A222: Wil Lutz | B222: No | C222: 11 | D222: NO | E222: K | F222: =vlookup(D222,'Team Bye List'!$A$1:$B$33,2,False) -> 14 | G222: =if(ISNA(vlookup($A222, Sleeper!$B$2:$E$330, 4, false)), 0, vlookup($A222, Sleeper!$B$2:$E$330, 4, false)) -> 1 | H222: =if(ISNA(vlookup($A222, ESPN!$B$2:$E$297, 4, false)), 0, vlookup($A222, ESPN!$B$2:$E$297, 4, false)) -> 0 | I222: =if(ISNA(vlookup($A222,'Ultimate Draft Kit'!$B$2:$E$324,4, false)), 0, vlookup($A222,'Ultimate Draft Kit'!$B$2:$E$324, 4, false)) -> 1 | J222: =if(ISNA(vlookup($A222,Rotowire!$B$2:$E$1075,4, false)), 0, vlookup($A222,Rotowire!$B$2:$E$1075, 4, false)) -> 0 | K222: =if(ISNA(vlookup($A222, FantasyPro!$B$2:$E$341,4,false)),0,vlookup($A222,FantasyPro!$B$2:$E$341,4,false)) -> 0 | L222: =if(ISNA(vlookup($A222, FFToolbox!$B$2:$E$414, 4, false)), 0, vlookup($A222, FFToolbox!$B$2:$E$414, 4, false)) -> 1 | M222: =Average(G222:L222) -> 0.5 | N222: =max(G222:L222)-min(G222:L222) -> 1
A223: Greg Zuerlein | B223: No | C223: NR | D223: NYJ | E223: K | F223: =vlookup(D223,'Team Bye List'!$A$1:$B$33,2,False) -> 10 | G223: =if(ISNA(vlookup($A223, Sleeper!$B$2:$E$330, 4, false)), 0, vlookup($A223, Sleeper!$B$2:$E$330, 4, false)) -> 1 | H223: =if(ISNA(vlookup($A223, ESPN!$B$2:$E$297, 4, false)), 0, vlookup($A223, ESPN!$B$2:$E$297, 4, false)) -> 0 | I223: =if(ISNA(vlookup($A223,'Ultimate Draft Kit'!$B$2:$E$324,4, false)), 0, vlookup($A223,'Ultimate Draft Kit'!$B$2:$E$324, 4, false)) -> 1 | J223: =if(ISNA(vlookup($A223,Rotowire!$B$2:$E$1075,4, false)), 0, vlookup($A223,Rotowire!$B$2:$E$1075, 4, false)) -> 0 | K223: =if(ISNA(vlookup($A223, FantasyPro!$B$2:$E$341,4,false)),0,vlookup($A223,FantasyPro!$B$2:$E$341,4,false)) -> 0 | L223: =if(ISNA(vlookup($A223, FFToolbox!$B$2:$E$414, 4, false)), 0, vlookup($A223, FFToolbox!$B$2:$E$414, 4, false)) -> 0 | M223: =Average(G223:L223) -> 0.33333333 | N223: =max(G223:L223)-min(G223:L223) -> 1
A224: Rodrigo Blankenship | B224: No | C224: 18 | D224: IND | E224: K | F224: =vlookup(D224,'Team Bye List'!$A$1:$B$33,2,False) -> 14 | G224: =if(ISNA(vlookup($A224, Sleeper!$B$2:$E$330, 4, false)), 0, vlookup($A224, Sleeper!$B$2:$E$330, 4, false)) -> 1 | H224: =if(ISNA(vlookup($A224, ESPN!$B$2:$E$297, 4, false)), 0, vlookup($A224, ESPN!$B$2:$E$297, 4, false)) -> 0 | I224: =if(ISNA(vlookup($A224,'Ultimate Draft Kit'!$B$2:$E$324,4, false)), 0, vlookup($A224,'Ultimate Draft Kit'!$B$2:$E$324, 4, false)) -> 1 | J224: =if(ISNA(vlookup($A224,Rotowire!$B$2:$E$1075,4, false)), 0, vlookup($A224,Rotowire!$B$2:$E$1075, 4, false)) -> 0 | K224: =if(ISNA(vlookup($A224, FantasyPro!$B$2:$E$341,4,false)),0,vlookup($A224,FantasyPro!$B$2:$E$341,4,false)) -> 0 | L224: =if(ISNA(vlookup($A224, FFToolbox!$B$2:$E$414, 4, false)), 0, vlookup($A224, FFToolbox!$B$2:$E$414, 4, false)) -> 1 | M224: =Average(G224:L224) -> 0.5 | N224: =max(G224:L224)-min(G224:L224) -> 1
A225: Cairo Santos | B225: No | C225: 28 | D225: CHI | E225: K | F225: =vlookup(D225,'Team Bye List'!$A$1:$B$33,2,False) -> 14 | G225: =if(ISNA(vlookup($A225, Sleeper!$B$2:$E$330, 4, false)), 0, vlookup($A225, Sleeper!$B$2:$E$330, 4, false)) -> 1 | H225: =if(ISNA(vlookup($A225, ESPN!$B$2:$E$297, 4, false)), 0, vlookup($A225, ESPN!$B$2:$E$297, 4, false)) -> 0 | I225: =if(ISNA(vlookup($A225,'Ultimate Draft Kit'!$B$2:$E$324,4, false)), 0, vlookup($A225,'Ultimate Draft Kit'!$B$2:$E$324, 4, false)) -> 1 | J225: =if(ISNA(vlookup($A225,Rotowire!$B$2:$E$1075,4, false)), 0, vlookup($A225,Rotowire!$B$2:$E$1075, 4, false)) -> 0 | K225: =if(ISNA(vlookup($A225, FantasyPro!$B$2:$E$341,4,false)),0,vlookup($A225,FantasyPro!$B$2:$E$341,4,false)) -> 0 | L225: =if(ISNA(vlookup($A225, FFToolbox!$B$2:$E$414, 4, false)), 0, vlookup($A225, FFToolbox!$B$2:$E$414, 4, false)) -> 1 | M225: =Average(G225:L225) -> 0.5 | N225: =max(G225:L225)-min(G225:L225) -> 1
A226: Jason Myers | B226: No | C226: 27 | D226: SEA | E226: K | F226: =vlookup(D226,'Team Bye List'!$A$1:$B$33,2,False) -> 9 | G226: =if(ISNA(vlookup($A226, Sleeper!$B$2:$E$330, 4, false)), 0, vlookup($A226, Sleeper!$B$2:$E$330, 4, false)) -> 1 | H226: =if(ISNA(vlookup($A226, ESPN!$B$2:$E$297, 4, false)), 0, vlookup($A226, ESPN!$B$2:$E$297, 4, false)) -> 0 | I226: =if(ISNA(vlookup($A226,'Ultimate Draft Kit'!$B$2:$E$324,4, false)), 0, vlookup($A226,'Ultimate Draft Kit'!$B$2:$E$324, 4, false)) -> 1 | J226: =if(ISNA(vlookup($A226,Rotowire!$B$2:$E$1075,4, false)), 0, vlookup($A226,Rotowire!$B$2:$E$1075, 4, false)) -> 0 | K226: =if(ISNA(vlookup($A226, FantasyPro!$B$2:$E$341,4,false)),0,vlookup($A226,FantasyPro!$B$2:$E$341,4,false)) -> 0 | L226: =if(ISNA(vlookup($A226, FFToolbox!$B$2:$E$414, 4, false)), 0, vlookup($A226, FFToolbox!$B$2:$E$414, 4, false)) -> 0 | M226: =Average(G226:L226) -> 0.33333333 | N226: =max(G226:L226)-min(G226:L226) -> 1
A227: Zane Gonzalez | B227: No | C227: 30 | D227: CAR | E227: K | F227: =vlookup(D227,'Team Bye List'!$A$1:$B$33,2,False) -> 13 | G227: =if(ISNA(vlookup($A227, Sleeper!$B$2:$E$330, 4, false)), 0, vlookup($A227, Sleeper!$B$2:$E$330, 4, false)) -> 1 | H227: =if(ISNA(vlookup($A227, ESPN!$B$2:$E$297, 4, false)), 0, vlookup($A227, ESPN!$B$2:$E$297, 4, false)) -> 0 | I227: =if(ISNA(vlookup($A227,'Ultimate Draft Kit'!$B$2:$E$324,4, false)), 0, vlookup($A227,'Ultimate Draft Kit'!$B$2:$E$324, 4, false)) -> 1 | J227: =if(ISNA(vlookup($A227,Rotowire!$B$2:$E$1075,4, false)), 0, vlookup($A227,Rotowire!$B$2:$E$1075, 4, false)) -> 0 | K227: =if(ISNA(vlookup($A227, FantasyPro!$B$2:$E$341,4,false)),0,vlookup($A227,FantasyPro!$B$2:$E$341,4,false)) -> 0 | L227: =if(ISNA(vlookup($A227, FFToolbox!$B$2:$E$414, 4, false)), 0, vlookup($A227, FFToolbox!$B$2:$E$414, 4, false)) -> 1 | M227: =Average(G227:L227) -> 0.5 | N227: =max(G227:L227)-min(G227:L227) -> 1
A228: Ka'imi Fairbairn | B228: No | C228: 32 | D228: HOU | E228: K | F228: =vlookup(D228,'Team Bye List'!$A$1:$B$33,2,False) -> 6 | G228: =if(ISNA(vlookup($A228, Sleeper!$B$2:$E$330, 4, false)), 0, vlookup($A228, Sleeper!$B$2:$E$330, 4, false)) -> 1 | H228: =if(ISNA(vlookup($A228, ESPN!$B$2:$E$297, 4, false)), 0, vlookup($A228, ESPN!$B$2:$E$297, 4, false)) -> 0 | I228: =if(ISNA(vlookup($A228,'Ultimate Draft Kit'!$B$2:$E$324,4, false)), 0, vlookup($A228,'Ultimate Draft Kit'!$B$2:$E$324, 4, false)) -> 0 | J228: =if(ISNA(vlookup($A228,Rotowire!$B$2:$E$1075,4, false)), 0, vlookup($A228,Rotowire!$B$2:$E$1075, 4, false)) -> 0 | K228: =if(ISNA(vlookup($A228, FantasyPro!$B$2:$E$341,4,false)),0,vlookup($A228,FantasyPro!$B$2:$E$341,4,false)) -> 0 | L228: =if(ISNA(vlookup($A228, FFToolbox!$B$2:$E$414, 4, false)), 0, vlookup($A228, FFToolbox!$B$2:$E$414, 4, false)) -> 0 | M228: =Average(G228:L228) -> 0.16666667 | N228: =max(G228:L228)-min(G228:L228) -> 1
A229: Hayden Hurst | B229: No | C229: 6 | D229: CIN | E229: TE | F229: =vlookup(D229,'Team Bye List'!$A$1:$B$33,2,False) -> 10 | G229: =if(ISNA(vlookup($A229, Sleeper!$B$2:$E$330, 4, false)), 0, vlookup($A229, Sleeper!$B$2:$E$330, 4, false)) -> 1 | H229: =if(ISNA(vlookup($A229, ESPN!$B$2:$E$297, 4, false)), 0, vlookup($A229, ESPN!$B$2:$E$297, 4, false)) -> 0 | I229: =if(ISNA(vlookup($A229,'Ultimate Draft Kit'!$B$2:$E$324,4, false)), 0, vlookup($A229,'Ultimate Draft Kit'!$B$2:$E$324, 4, false)) -> 1 | J229: =if(ISNA(vlookup($A229,Rotowire!$B$2:$E$1075,4, false)), 0, vlookup($A229,Rotowire!$B$2:$E$1075, 4, false)) -> 0 | K229: =if(ISNA(vlookup($A229, FantasyPro!$B$2:$E$341,4,false)),0,vlookup($A229,FantasyPro!$B$2:$E$341,4,false)) -> 1 | L229: =if(ISNA(vlookup($A229, FFToolbox!$B$2:$E$414, 4, false)), 0, vlookup($A229, FFToolbox!$B$2:$E$414, 4, false)) -> 1 | M229: =Average(G229:L229) -> 0.66666667 | N229: =max(G229:L229)-min(G229:L229) -> 1
A230: Jason Sanders | B230: No | C230: 20 | D230: MIA | E230: K | F230: =vlookup(D230,'Team Bye List'!$A$1:$B$33,2,False) -> 11 | G230: =if(ISNA(vlookup($A230, Sleeper!$B$2:$E$330, 4, false)), 0, vlookup($A230, Sleeper!$B$2:$E$330, 4, false)) -> 1 | H230: =if(ISNA(vlookup($A230, ESPN!$B$2:$E$297, 4, false)), 0, vlookup($A230, ESPN!$B$2:$E$297, 4, false)) -> 0 | I230: =if(ISNA(vlookup($A230,'Ultimate Draft Kit'!$B$2:$E$324,4, false)), 0, vlookup($A230,'Ultimate Draft Kit'!$B$2:$E$324, 4, false)) -> 1 | J230: =if(ISNA(vlookup($A230,Rotowire!$B$2:$E$1075,4, false)), 0, vlookup($A230,Rotowire!$B$2:$E$1075, 4, false)) -> 0 | K230: =if(ISNA(vlookup($A230, FantasyPro!$B$2:$E$341,4,false)),0,vlookup($A230,FantasyPro!$B$2:$E$341,4,false)) -> 0 | L230: =if(ISNA(vlookup($A230, FFToolbox!$B$2:$E$414, 4, false)), 0, vlookup($A230, FFToolbox!$B$2:$E$414, 4, false)) -> 1 | M230: =Average(G230:L230) -> 0.5 | N230: =max(G230:L230)-min(G230:L230) -> 1
A231: Christian Watson | B231: No | C231: 10 | D231: GB | E231: WR | F231: =vlookup(D231,'Team Bye List'!$A$1:$B$33,2,False) -> 14 | G231: =if(ISNA(vlookup($A231, Sleeper!$B$2:$E$330, 4, false)), 0, vlookup($A231, Sleeper!$B$2:$E$330, 4, false)) -> 1 | H231: =if(ISNA(vlookup($A231, ESPN!$B$2:$E$297, 4, false)), 0, vlookup($A231, ESPN!$B$2:$E$297, 4, false)) -> 1 | I231: =if(ISNA(vlookup($A231,'Ultimate Draft Kit'!$B$2:$E$324,4, false)), 0, vlookup($A231,'Ultimate Draft Kit'!$B$2:$E$324, 4, false)) -> 1 | J231: =if(ISNA(vlookup($A231,Rotowire!$B$2:$E$1075,4, false)), 0, vlookup($A231,Rotowire!$B$2:$E$1075, 4, false)) -> 0 | K231: =if(ISNA(vlookup($A231, FantasyPro!$B$2:$E$341,4,false)),0,vlookup($A231,FantasyPro!$B$2:$E$341,4,false)) -> 1 | L231: =if(ISNA(vlookup($A231, FFToolbox!$B$2:$E$414, 4, false)), 0, vlookup($A231, FFToolbox!$B$2:$E$414, 4, false)) -> 1 | M231: =Average(G231:L231) -> 0.83333333 | N231: =max(G231:L231)-min(G231:L231) -> 1
A232: Mo Alie-Cox | B232: Yes | C232: 6 | D232: IND | E232: TE | F232: =vlookup(D232,'Team Bye List'!$A$1:$B$33,2,False) -> 14 | G232: =if(ISNA(vlookup($A232, Sleeper!$B$2:$E$330, 4, false)), 0, vlookup($A232, Sleeper!$B$2:$E$330, 4, false)) -> 1 | H232: =if(ISNA(vlookup($A232, ESPN!$B$2:$E$297, 4, false)), 0, vlookup($A232, ESPN!$B$2:$E$297, 4, false)) -> 0 | I232: =if(ISNA(vlookup($A232,'Ultimate Draft Kit'!$B$2:$E$324,4, false)), 0, vlookup($A232,'Ultimate Draft Kit'!$B$2:$E$324, 4, false)) -> 1 | J232: =if(ISNA(vlookup($A232,Rotowire!$B$2:$E$1075,4, false)), 0, vlookup($A232,Rotowire!$B$2:$E$1075, 4, false)) -> 0 | K232: =if(ISNA(vlookup($A232, FantasyPro!$B$2:$E$341,4,false)),0,vlookup($A232,FantasyPro!$B$2:$E$341,4,false)) -> 0 | L232: =if(ISNA(vlookup($A232, FFToolbox!$B$2:$E$414, 4, false)), 0, vlookup($A232, FFToolbox!$B$2:$E$414, 4, false)) -> 1 | M232: =Average(G232:L232) -> 0.5 | N232: =max(G232:L232)-min(G232:L232) -> 1
A233: Brevin Jordan | B233: No | C233: 6 | D233: HOU | E233: TE | F233: =vlookup(D233,'Team Bye List'!$A$1:$B$33,2,False) -> 6 | G233: =if(ISNA(vlookup($A233, Sleeper!$B$2:$E$330, 4, false)), 0, vlookup($A233, Sleeper!$B$2:$E$330, 4, false)) -> 1 | H233: =if(ISNA(vlookup($A233, ESPN!$B$2:$E$297, 4, false)), 0, vlookup($A233, ESPN!$B$2:$E$297, 4, false)) -> 0 | I233: =if(ISNA(vlookup($A233,'Ultimate Draft Kit'!$B$2:$E$324,4, false)), 0, vlookup($A233,'Ultimate Draft Kit'!$B$2:$E$324, 4, false)) -> 1 | J233: =if(ISNA(vlookup($A233,Rotowire!$B$2:$E$1075,4, false)), 0, vlookup($A233,Rotowire!$B$2:$E$1075, 4, false)) -> 0 | K233: =if(ISNA(vlookup($A233, FantasyPro!$B$2:$E$341,4,false)),0,vlookup($A233,FantasyPro!$B$2:$E$341,4,false)) -> 0 | L233: =if(ISNA(vlookup($A233, FFToolbox!$B$2:$E$414, 4, false)), 0, vlookup($A233, FFToolbox!$B$2:$E$414, 4, false)) -> 1 | M233: =Average(G233:L233) -> 0.5 | N233: =max(G233:L233)-min(G233:L233) -> 1
A234: C.J. Uzomah | B234: No | C234: 8 | D234: NYJ | E234: TE | F234: =vlookup(D234,'Team Bye List'!$A$1:$B$33,2,False) -> 10 | G234: =if(ISNA(vlookup($A234, Sleeper!$B$2:$E$330, 4, false)), 0, vlookup($A234, Sleeper!$B$2:$E$330, 4, false)) -> 1 | H234: =if(ISNA(vlookup($A234, ESPN!$B$2:$E$297, 4, false)), 0, vlookup($A234, ESPN!$B$2:$E$297, 4, false)) -> 0 | I234: =if(ISNA(vlookup($A234,'Ultimate Draft Kit'!$B$2:$E$324,4, false)), 0, vlookup($A234,'Ultimate Draft Kit'!$B$2:$E$324, 4, false)) -> 1 | J234: =if(ISNA(vlookup($A234,Rotowire!$B$2:$E$1075,4, false)), 0, vlookup($A234,Rotowire!$B$2:$E$1075, 4, false)) -> 0 | K234: =if(ISNA(vlookup($A234, FantasyPro!$B$2:$E$341,4,false)),0,vlookup($A234,FantasyPro!$B$2:$E$341,4,false)) -> 0 | L234: =if(ISNA(vlookup($A234, FFToolbox!$B$2:$E$414, 4, false)), 0, vlookup($A234, FFToolbox!$B$2:$E$414, 4, false)) -> 1 | M234: =Average(G234:L234) -> 0.5 | N234: =max(G234:L234)-min(G234:L234) -> 1
A235: Aldrick Rosas | B235: No | C235: NR | D235: FA | E235: K | F235: =vlookup(D235,'Team Bye List'!$A$1:$B$33,2,False) -> #N/A | G235: =if(ISNA(vlookup($A235, Sleeper!$B$2:$E$330, 4, false)), 0, vlookup($A235, Sleeper!$B$2:$E$330, 4, false)) -> 1 | H235: =if(ISNA(vlookup($A235, ESPN!$B$2:$E$297, 4, false)), 0, vlookup($A235, ESPN!$B$2:$E$297, 4, false)) -> 0 | I235: =if(ISNA(vlookup($A235,'Ultimate Draft Kit'!$B$2:$E$324,4, false)), 0, vlookup($A235,'Ultimate Draft Kit'!$B$2:$E$324, 4, false)) -> 0 | J235: =if(ISNA(vlookup($A235,Rotowire!$B$2:$E$1075,4, false)), 0, vlookup($A235,Rotowire!$B$2:$E$1075, 4, false)) -> 0 | K235: =if(ISNA(vlookup($A235, FantasyPro!$B$2:$E$341,4,false)),0,vlookup($A235,FantasyPro!$B$2:$E$341,4,false)) -> 0 | L235: =if(ISNA(vlookup($A235, FFToolbox!$B$2:$E$414, 4, false)), 0, vlookup($A235, FFToolbox!$B$2:$E$414, 4, false)) -> 0 | M235: =Average(G235:L235) -> 0.16666667 | N235: =max(G235:L235)-min(G235:L235) -> 1
A236: DJ Chark Jr. | B236: No | C236: 10 | D236: DET | E236: WR | F236: =vlookup(D236,'Team Bye List'!$A$1:$B$33,2,False) -> 6 | G236: =if(ISNA(vlookup($A236, Sleeper!$B$2:$E$330, 4, false)), 0, vlookup($A236, Sleeper!$B$2:$E$330, 4, false)) -> 0 | H236: =if(ISNA(vlookup($A236, ESPN!$B$2:$E$297, 4, false)), 0, vlookup($A236, ESPN!$B$2:$E$297, 4, false)) -> 0 | I236: =if(ISNA(vlookup($A236,'Ultimate Draft Kit'!$B$2:$E$324,4, false)), 0, vlookup($A236,'Ultimate Draft Kit'!$B$2:$E$324, 4, false)) -> 0 | J236: =if(ISNA(vlookup($A236,Rotowire!$B$2:$E$1075,4, false)), 0, vlookup($A236,Rotowire!$B$2:$E$1075, 4, false)) -> 0 | K236: =if(ISNA(vlookup($A236, FantasyPro!$B$2:$E$341,4,false)),0,vlookup($A236,FantasyPro!$B$2:$E$341,4,false)) -> 1 | L236: =if(ISNA(vlookup($A236, FFToolbox!$B$2:$E$414, 4, false)), 0, vlookup($A236, FFToolbox!$B$2:$E$414, 4, false)) -> 0 | M236: =Average(G236:L236) -> 0.16666667 | N236: =max(G236:L236)-min(G236:L236) -> 1
A237: Alec Pierce | B237: No | C237: 10 | D237: IND | E237: WR | F237: =vlookup(D237,'Team Bye List'!$A$1:$B$33,2,False) -> 14 | G237: =if(ISNA(vlookup($A237, Sleeper!$B$2:$E$330, 4, false)), 0, vlookup($A237, Sleeper!$B$2:$E$330, 4, false)) -> 1 | H237: =if(ISNA(vlookup($A237, ESPN!$B$2:$E$297, 4, false)), 0, vlookup($A237, ESPN!$B$2:$E$297, 4, false)) -> 0 | I237: =if(ISNA(vlookup($A237,'Ultimate Draft Kit'!$B$2:$E$324,4, false)), 0, vlookup($A237,'Ultimate Draft Kit'!$B$2:$E$324, 4, false)) -> 1 | J237: =if(ISNA(vlookup($A237,Rotowire!$B$2:$E$1075,4, false)), 0, vlookup($A237,Rotowire!$B$2:$E$1075, 4, false)) -> 0 | K237: =if(ISNA(vlookup($A237, FantasyPro!$B$2:$E$341,4,false)),0,vlookup($A237,FantasyPro!$B$2:$E$341,4,false)) -> 0 | L237: =if(ISNA(vlookup($A237, FFToolbox!$B$2:$E$414, 4, false)), 0, vlookup($A237, FFToolbox!$B$2:$E$414, 4, false)) -> 2 | M237: =Average(G237:L237) -> 0.66666667 | N237: =max(G237:L237)-min(G237:L237) -> 2
A238: Adam Trautman | B238: No | C238: 7 | D238: NO | E238: TE | F238: =vlookup(D238,'Team Bye List'!$A$1:$B$33,2,False) -> 14 | G238: =if(ISNA(vlookup($A238, Sleeper!$B$2:$E$330, 4, false)), 0, vlookup($A238, Sleeper!$B$2:$E$330, 4, false)) -> 1 | H238: =if(ISNA(vlookup($A238, ESPN!$B$2:$E$297, 4, false)), 0, vlookup($A238, ESPN!$B$2:$E$297, 4, false)) -> 0 | I238: =if(ISNA(vlookup($A238,'Ultimate Draft Kit'!$B$2:$E$324,4, false)), 0, vlookup($A238,'Ultimate Draft Kit'!$B$2:$E$324, 4, false)) -> 1 | J238: =if(ISNA(vlookup($A238,Rotowire!$B$2:$E$1075,4, false)), 0, vlookup($A238,Rotowire!$B$2:$E$1075, 4, false)) -> 0 | K238: =if(ISNA(vlookup($A238, FantasyPro!$B$2:$E$341,4,false)),0,vlookup($A238,FantasyPro!$B$2:$E$341,4,false)) -> 0 | L238: =if(ISNA(vlookup($A238, FFToolbox!$B$2:$E$414, 4, false)), 0, vlookup($A238, FFToolbox!$B$2:$E$414, 4, false)) -> 1 | M238: =Average(G238:L238) -> 0.5 | N238: =max(G238:L238)-min(G238:L238) -> 1
A239: Nico Collins | B239: No | C239: 10 | D239: HOU | E239: WR | F239: =vlookup(D239,'Team Bye List'!$A$1:$B$33,2,False) -> 6 | G239: =if(ISNA(vlookup($A239, Sleeper!$B$2:$E$330, 4, false)), 0, vlookup($A239, Sleeper!$B$2:$E$330, 4, false)) -> 1 | H239: =if(ISNA(vlookup($A239, ESPN!$B$2:$E$297, 4, false)), 0, vlookup($A239, ESPN!$B$2:$E$297, 4, false)) -> 0 | I239: =if(ISNA(vlookup($A239,'Ultimate Draft Kit'!$B$2:$E$324,4, false)), 0, vlookup($A239,'Ultimate Draft Kit'!$B$2:$E$324, 4, false)) -> 1 | J239: =if(ISNA(vlookup($A239,Rotowire!$B$2:$E$1075,4, false)), 0, vlookup($A239,Rotowire!$B$2:$E$1075, 4, false)) -> 0 | K239: =if(ISNA(vlookup($A239, FantasyPro!$B$2:$E$341,4,false)),0,vlookup($A239,FantasyPro!$B$2:$E$341,4,false)) -> 1 | L239: =if(ISNA(vlookup($A239, FFToolbox!$B$2:$E$414, 4, false)), 0, vlookup($A239, FFToolbox!$B$2:$E$414, 4, false)) -> 1 | M239: =Average(G239:L239) -> 0.66666667 | N239: =max(G239:L239)-min(G239:L239) -> 1
A240: Jameson Williams | B240: No | C240: 10 | D240: DET | E240: WR | F240: =vlookup(D240,'Team Bye List'!$A$1:$B$33,2,False) -> 6 | G240: =if(ISNA(vlookup($A240, Sleeper!$B$2:$E$330, 4, false)), 0, vlookup($A240, Sleeper!$B$2:$E$330, 4, false)) -> 1 | H240: =if(ISNA(vlookup($A240, ESPN!$B$2:$E$297, 4, false)), 0, vlookup($A240, ESPN!$B$2:$E$297, 4, false)) -> 1 | I240: =if(ISNA(vlookup($A240,'Ultimate Draft Kit'!$B$2:$E$324,4, false)), 0, vlookup($A240,'Ultimate Draft Kit'!$B$2:$E$324, 4, false)) -> 1 | J240: =if(ISNA(vlookup($A240,Rotowire!$B$2:$E$1075,4, false)), 0, vlookup($A240,Rotowire!$B$2:$E$1075, 4, false)) -> 0 | K240: =if(ISNA(vlookup($A240, FantasyPro!$B$2:$E$341,4,false)),0,vlookup($A240,FantasyPro!$B$2:$E$341,4,false)) -> 1 | L240: =if(ISNA(vlookup($A240, FFToolbox!$B$2:$E$414, 4, false)), 0, vlookup($A240, FFToolbox!$B$2:$E$414, 4, false)) -> 1 | M240: =Average(G240:L240) -> 0.83333333 | N240: =max(G240:L240)-min(G240:L240) -> 1
A241: Corey Davis | B241: No | C241: 9 | D241: NYJ | E241: WR | F241: =vlookup(D241,'Team Bye List'!$A$1:$B$33,2,False) -> 10 | G241: =if(ISNA(vlookup($A241, Sleeper!$B$2:$E$330, 4, false)), 0, vlookup($A241, Sleeper!$B$2:$E$330, 4, false)) -> 1 | H241: =if(ISNA(vlookup($A241, ESPN!$B$2:$E$297, 4, false)), 0, vlookup($A241, ESPN!$B$2:$E$297, 4, false)) -> 0 | I241: =if(ISNA(vlookup($A241,'Ultimate Draft Kit'!$B$2:$E$324,4, false)), 0, vlookup($A241,'Ultimate Draft Kit'!$B$2:$E$324, 4, false)) -> 1 | J241: =if(ISNA(vlookup($A241,Rotowire!$B$2:$E$1075,4, false)), 0, vlookup($A241,Rotowire!$B$2:$E$1075, 4, false)) -> 0 | K241: =if(ISNA(vlookup($A241, FantasyPro!$B$2:$E$341,4,false)),0,vlookup($A241,FantasyPro!$B$2:$E$341,4,false)) -> 1 | L241: =if(ISNA(vlookup($A241, FFToolbox!$B$2:$E$414, 4, false)), 0, vlookup($A241, FFToolbox!$B$2:$E$414, 4, false)) -> 1 | M241: =Average(G241:L241) -> 0.66666667 | N241: =max(G241:L241)-min(G241:L241) -> 1
A242: Kenyan Drake | B242: No | C242: 10 | D242: LV | E242: RB | F242: =vlookup(D242,'Team Bye List'!$A$1:$B$33,2,False) -> 7 | G242: =if(ISNA(vlookup($A242, Sleeper!$B$2:$E$330, 4, false)), 0, vlookup($A242, Sleeper!$B$2:$E$330, 4, false)) -> 1 | H242: =if(ISNA(vlookup($A242, ESPN!$B$2:$E$297, 4, false)), 0, vlookup($A242, ESPN!$B$2:$E$297, 4, false)) -> 0 | I242: =if(ISNA(vlookup($A242,'Ultimate Draft Kit'!$B$2:$E$324,4, false)), 0, vlookup($A242,'Ultimate Draft Kit'!$B$2:$E$324, 4, false)) -> 1 | J242: =if(ISNA(vlookup($A242,Rotowire!$B$2:$E$1075,4, false)), 0, vlookup($A242,Rotowire!$B$2:$E$1075, 4, false)) -> 0 | K242: =if(ISNA(vlookup($A242, FantasyPro!$B$2:$E$341,4,false)),0,vlookup($A242,FantasyPro!$B$2:$E$341,4,false)) -> 0 | L242: =if(ISNA(vlookup($A242, FFToolbox!$B$2:$E$414, 4, false)), 0, vlookup($A242, FFToolbox!$B$2:$E$414, 4, false)) -> 1 | M242: =Average(G242:L242) -> 0.5 | N242: =max(G242:L242)-min(G242:L242) -> 1
A243: Kyle Rudolph | B243: No | C243: 7 | D243: FA | E243: TE | F243: =vlookup(D243,'Team Bye List'!$A$1:$B$33,2,False) -> #N/A | G243: =if(ISNA(vlookup($A243, Sleeper!$B$2:$E$330, 4, false)), 0, vlookup($A243, Sleeper!$B$2:$E$330, 4, false)) -> 1 | H243: =if(ISNA(vlookup($A243, ESPN!$B$2:$E$297, 4, false)), 0, vlookup($A243, ESPN!$B$2:$E$297, 4, false)) -> 0 | I243: =if(ISNA(vlookup($A243,'Ultimate Draft Kit'!$B$2:$E$324,4, false)), 0, vlookup($A243,'Ultimate Draft Kit'!$B$2:$E$324, 4, false)) -> 1 | J243: =if(ISNA(vlookup($A243,Rotowire!$B$2:$E$1075,4, false)), 0, vlookup($A243,Rotowire!$B$2:$E$1075, 4, false)) -> 0 | K243: =if(ISNA(vlookup($A243, FantasyPro!$B$2:$E$341,4,false)),0,vlookup($A243,FantasyPro!$B$2:$E$341,4,false)) -> 0 | L243: =if(ISNA(vlookup($A243, FFToolbox!$B$2:$E$414, 4, false)), 0, vlookup($A243, FFToolbox!$B$2:$E$414, 4, false)) -> 1 | M243: =Average(G243:L243) -> 0.5 | N243: =max(G243:L243)-min(G243:L243) -> 1
A244: Rex Burkhead | B244: No | C244: 11 | D244: HOU | E244: RB | F244: =vlookup(D244,'Team Bye List'!$A$1:$B$33,2,False) -> 6 | G244: =if(ISNA(vlookup($A244, Sleeper!$B$2:$E$330, 4, false)), 0, vlookup($A244, Sleeper!$B$2:$E$330, 4, false)) -> 1 | H244: =if(ISNA(vlookup($A244, ESPN!$B$2:$E$297, 4, false)), 0, vlookup($A244, ESPN!$B$2:$E$297, 4, false)) -> 0 | I244: =if(ISNA(vlookup($A244,'Ultimate Draft Kit'!$B$2:$E$324,4, false)), 0, vlookup($A244,'Ultimate Draft Kit'!$B$2:$E$324, 4, false)) -> 1 | J244: =if(ISNA(vlookup($A244,Rotowire!$B$2:$E$1075,4, false)), 0, vlookup($A244,Rotowire!$B$2:$E$1075, 4, false)) -> 0 | K244: =if(ISNA(vlookup($A244, FantasyPro!$B$2:$E$341,4,false)),0,vlookup($A244,FantasyPro!$B$2:$E$341,4,false)) -> 0 | L244: =if(ISNA(vlookup($A244, FFToolbox!$B$2:$E$414, 4, false)), 0, vlookup($A244, FFToolbox!$B$2:$E$414, 4, false)) -> 1 | M244: =Average(G244:L244) -> 0.5 | N244: =max(G244:L244)-min(G244:L244) -> 1
A245: Khalil Herbert | B245: No | C245: 11 | D245: CHI | E245: RB | F245: =vlookup(D245,'Team Bye List'!$A$1:$B$33,2,False) -> 14 | G245: =if(ISNA(vlookup($A245, Sleeper!$B$2:$E$330, 4, false)), 0, vlookup($A245, Sleeper!$B$2:$E$330, 4, false)) -> 1 | H245: =if(ISNA(vlookup($A245, ESPN!$B$2:$E$297, 4, false)), 0, vlookup($A245, ESPN!$B$2:$E$297, 4, false)) -> 0 | I245: =if(ISNA(vlookup($A245,'Ultimate Draft Kit'!$B$2:$E$324,4, false)), 0, vlookup($A245,'Ultimate Draft Kit'!$B$2:$E$324, 4, false)) -> 1 | J245: =if(ISNA(vlookup($A245,Rotowire!$B$2:$E$1075,4, false)), 0, vlookup($A245,Rotowire!$B$2:$E$1075, 4, false)) -> 0 | K245: =if(ISNA(vlookup($A245, FantasyPro!$B$2:$E$341,4,false)),0,vlookup($A245,FantasyPro!$B$2:$E$341,4,false)) -> 1 | L245: =if(ISNA(vlookup($A245, FFToolbox!$B$2:$E$414, 4, false)), 0, vlookup($A245, FFToolbox!$B$2:$E$414, 4, false)) -> 2 | M245: =Average(G245:L245) -> 0.83333333 | N245: =max(G245:L245)-min(G245:L245) -> 2
A246: Rachaad White | B246: No | C246: 9 | D246: TB | E246: RB | F246: =vlookup(D246,'Team Bye List'!$A$1:$B$33,2,False) -> 11 | G246: =if(ISNA(vlookup($A246, Sleeper!$B$2:$E$330, 4, false)), 0, vlookup($A246, Sleeper!$B$2:$E$330, 4, false)) -> 1 | H246: =if(ISNA(vlookup($A246, ESPN!$B$2:$E$297, 4, false)), 0, vlookup($A246, ESPN!$B$2:$E$297, 4, false)) -> 0 | I246: =if(ISNA(vlookup($A246,'Ultimate Draft Kit'!$B$2:$E$324,4, false)), 0, vlookup($A246,'Ultimate Draft Kit'!$B$2:$E$324, 4, false)) -> 1 | J246: =if(ISNA(vlookup($A246,Rotowire!$B$2:$E$1075,4, false)), 0, vlookup($A246,Rotowire!$B$2:$E$1075, 4, false)) -> 0 | K246: =if(ISNA(vlookup($A246, FantasyPro!$B$2:$E$341,4,false)),0,vlookup($A246,FantasyPro!$B$2:$E$341,4,false)) -> 1 | L246: =if(ISNA(vlookup($A246, FFToolbox!$B$2:$E$414, 4, false)), 0, vlookup($A246, FFToolbox!$B$2:$E$414, 4, false)) -> 1 | M246: =Average(G246:L246) -> 0.66666667 | N246: =max(G246:L246)-min(G246:L246) -> 1
A247: Jacksonville Jacguars | B247: No | C247: 26 | D247: JAC | E247: DST | F247: =vlookup(D247,'Team Bye List'!$A$1:$B$33,2,False) -> 11 | G247: =if(ISNA(vlookup($A247, Sleeper!$B$2:$E$330, 4, false)), 0, vlookup($A247, Sleeper!$B$2:$E$330, 4, false)) -> 0 | H247: =if(ISNA(vlookup($A247, ESPN!$B$2:$E$297, 4, false)), 0, vlookup($A247, ESPN!$B$2:$E$297, 4, false)) -> 0 | I247: =if(ISNA(vlookup($A247,'Ultimate Draft Kit'!$B$2:$E$324,4, false)), 0, vlookup($A247,'Ultimate Draft Kit'!$B$2:$E$324, 4, false)) -> 0 | J247: =if(ISNA(vlookup($A247,Rotowire!$B$2:$E$1075,4, false)), 0, vlookup($A247,Rotowire!$B$2:$E$1075, 4, false)) -> 0 | K247: =if(ISNA(vlookup($A247, FantasyPro!$B$2:$E$341,4,false)),0,vlookup($A247,FantasyPro!$B$2:$E$341,4,false)) -> 0 | L247: =if(ISNA(vlookup($A247, FFToolbox!$B$2:$E$414, 4, false)), 0, vlookup($A247, FFToolbox!$B$2:$E$414, 4, false)) -> 0 | M247: =Average(G247:L247) -> 0 | N247: =max(G247:L247)-min(G247:L247) -> 0
... A254: Joshua Palmer | B254: No | C254: 10 | D254: LAC | E254: WR | F254: =vlookup(D254,'Team Bye List'!$A$1:$B$33,2,False) -> 6 | G254: =if(ISNA(vlookup($A254, Sleeper!$B$2:$E$330, 4, false)), 0, vlookup($A254, Sleeper!$B$2:$E$330, 4, false)) -> 1 | H254: =if(ISNA(vlookup($A254, ESPN!$B$2:$E$297, 4, false)), 0, vlookup($A254, ESPN!$B$2:$E$297, 4, false)) -> 0 | I254: =if(ISNA(vlookup($A254,'Ultimate Draft Kit'!$B$2:$E$324,4, false)), 0, vlookup($A254,'Ultimate Draft Kit'!$B$2:$E$324, 4, false)) -> 1 | J254: =if(ISNA(vlookup($A254,Rotowire!$B$2:$E$1075,4, false)), 0, vlookup($A254,Rotowire!$B$2:$E$1075, 4, false)) -> 0 | K254: =if(ISNA(vlookup($A254, FantasyPro!$B$2:$E$341,4,false)),0,vlookup($A254,FantasyPro!$B$2:$E$341,4,false)) -> 1 | L254: =if(ISNA(vlookup($A254, FFToolbox!$B$2:$E$414, 4, false)), 0, vlookup($A254, FFToolbox!$B$2:$E$414, 4, false)) -> 0 | M254: =Average(G254:L254) -> 0.5 | N254: =max(G254:L254)-min(G254:L254) -> 1
A255: Sam Ficken | B255: No | C255: NR | D255: TEN | E255: K | F255: =vlookup(D255,'Team Bye List'!$A$1:$B$33,2,False) -> 6 | G255: =if(ISNA(vlookup($A255, Sleeper!$B$2:$E$330, 4, false)), 0, vlookup($A255, Sleeper!$B$2:$E$330, 4, false)) -> 0 | H255: =if(ISNA(vlookup($A255, ESPN!$B$2:$E$297, 4, false)), 0, vlookup($A255, ESPN!$B$2:$E$297, 4, false)) -> 0 | I255: =if(ISNA(vlookup($A255,'Ultimate Draft Kit'!$B$2:$E$324,4, false)), 0, vlookup($A255,'Ultimate Draft Kit'!$B$2:$E$324, 4, false)) -> 0 | J255: =if(ISNA(vlookup($A255,Rotowire!$B$2:$E$1075,4, false)), 0, vlookup($A255,Rotowire!$B$2:$E$1075, 4, false)) -> 0 | K255: =if(ISNA(vlookup($A255, FantasyPro!$B$2:$E$341,4,false)),0,vlookup($A255,FantasyPro!$B$2:$E$341,4,false)) -> 0 | L255: =if(ISNA(vlookup($A255, FFToolbox!$B$2:$E$414, 4, false)), 0, vlookup($A255, FFToolbox!$B$2:$E$414, 4, false)) -> 0 | M255: =Average(G255:L255) -> 0 | N255: =max(G255:L255)-min(G255:L255) -> 0
A256: Brett Maher | B256: No | C256: 21 | D256: FA | E256: K | F256: =vlookup(D256,'Team Bye List'!$A$1:$B$33,2,False) -> #N/A | G256: =if(ISNA(vlookup($A256, Sleeper!$B$2:$E$330, 4, false)), 0, vlookup($A256, Sleeper!$B$2:$E$330, 4, false)) -> 0 | H256: =if(ISNA(vlookup($A256, ESPN!$B$2:$E$297, 4, false)), 0, vlookup($A256, ESPN!$B$2:$E$297, 4, false)) -> 0 | I256: =if(ISNA(vlookup($A256,'Ultimate Draft Kit'!$B$2:$E$324,4, false)), 0, vlookup($A256,'Ultimate Draft Kit'!$B$2:$E$324, 4, false)) -> 1 | J256: =if(ISNA(vlookup($A256,Rotowire!$B$2:$E$1075,4, false)), 0, vlookup($A256,Rotowire!$B$2:$E$1075, 4, false)) -> 0 | K256: =if(ISNA(vlookup($A256, FantasyPro!$B$2:$E$341,4,false)),0,vlookup($A256,FantasyPro!$B$2:$E$341,4,false)) -> 0 | L256: =if(ISNA(vlookup($A256, FFToolbox!$B$2:$E$414, 4, false)), 0, vlookup($A256, FFToolbox!$B$2:$E$414, 4, false)) -> 0 | M256: =Average(G256:L256) -> 0.16666667 | N256: =max(G256:L256)-min(G256:L256) -> 1
A257: Sergio Castillo | B257: No | C257: NR | D257: FA | E257: K | F257: =vlookup(D257,'Team Bye List'!$A$1:$B$33,2,False) -> #N/A | G257: =if(ISNA(vlookup($A257, Sleeper!$B$2:$E$330, 4, false)), 0, vlookup($A257, Sleeper!$B$2:$E$330, 4, false)) -> 0 | H257: =if(ISNA(vlookup($A257, ESPN!$B$2:$E$297, 4, false)), 0, vlookup($A257, ESPN!$B$2:$E$297, 4, false)) -> 0 | I257: =if(ISNA(vlookup($A257,'Ultimate Draft Kit'!$B$2:$E$324,4, false)), 0, vlookup($A257,'Ultimate Draft Kit'!$B$2:$E$324, 4, false)) -> 0 | J257: =if(ISNA(vlookup($A257,Rotowire!$B$2:$E$1075,4, false)), 0, vlookup($A257,Rotowire!$B$2:$E$1075, 4, false)) -> 0 | K257: =if(ISNA(vlookup($A257, FantasyPro!$B$2:$E$341,4,false)),0,vlookup($A257,FantasyPro!$B$2:$E$341,4,false)) -> 0 | L257: =if(ISNA(vlookup($A257, FFToolbox!$B$2:$E$414, 4, false)), 0, vlookup($A257, FFToolbox!$B$2:$E$414, 4, false)) -> 0 | M257: =Average(G257:L257) -> 0 | N257: =max(G257:L257)-min(G257:L257) -> 0
A258: Cody Parkey | B258: No | C258: NR | D258: FA | E258: K | F258: =vlookup(D258,'Team Bye List'!$A$1:$B$33,2,False) -> #N/A | G258: =if(ISNA(vlookup($A258, Sleeper!$B$2:$E$330, 4, false)), 0, vlookup($A258, Sleeper!$B$2:$E$330, 4, false)) -> 0 | H258: =if(ISNA(vlookup($A258, ESPN!$B$2:$E$297, 4, false)), 0, vlookup($A258, ESPN!$B$2:$E$297, 4, false)) -> 0 | I258: =if(ISNA(vlookup($A258,'Ultimate Draft Kit'!$B$2:$E$324,4, false)), 0, vlookup($A258,'Ultimate Draft Kit'!$B$2:$E$324, 4, false)) -> 0 | J258: =if(ISNA(vlookup($A258,Rotowire!$B$2:$E$1075,4, false)), 0, vlookup($A258,Rotowire!$B$2:$E$1075, 4, false)) -> 0 | K258: =if(ISNA(vlookup($A258, FantasyPro!$B$2:$E$341,4,false)),0,vlookup($A258,FantasyPro!$B$2:$E$341,4,false)) -> 0 | L258: =if(ISNA(vlookup($A258, FFToolbox!$B$2:$E$414, 4, false)), 0, vlookup($A258, FFToolbox!$B$2:$E$414, 4, false)) -> 0 | M258: =Average(G258:L258) -> 0 | N258: =max(G258:L258)-min(G258:L258) -> 0
A259: Stephen Hauschka | B259: No | C259: NR | D259: FA | E259: K | F259: =vlookup(D259,'Team Bye List'!$A$1:$B$33,2,False) -> #N/A | G259: =if(ISNA(vlookup($A259, Sleeper!$B$2:$E$330, 4, false)), 0, vlookup($A259, Sleeper!$B$2:$E$330, 4, false)) -> 0 | H259: =if(ISNA(vlookup($A259, ESPN!$B$2:$E$297, 4, false)), 0, vlookup($A259, ESPN!$B$2:$E$297, 4, false)) -> 0 | I259: =if(ISNA(vlookup($A259,'Ultimate Draft Kit'!$B$2:$E$324,4, false)), 0, vlookup($A259,'Ultimate Draft Kit'!$B$2:$E$324, 4, false)) -> 0 | J259: =if(ISNA(vlookup($A259,Rotowire!$B$2:$E$1075,4, false)), 0, vlookup($A259,Rotowire!$B$2:$E$1075, 4, false)) -> 0 | K259: =if(ISNA(vlookup($A259, FantasyPro!$B$2:$E$341,4,false)),0,vlookup($A259,FantasyPro!$B$2:$E$341,4,false)) -> 0 | L259: =if(ISNA(vlookup($A259, FFToolbox!$B$2:$E$414, 4, false)), 0, vlookup($A259, FFToolbox!$B$2:$E$414, 4, false)) -> 0 | M259: =Average(G259:L259) -> 0 | N259: =max(G259:L259)-min(G259:L259) -> 0
A260: Mike Nugent | B260: No | C260: NR | D260: FA | E260: K | F260: =vlookup(D260,'Team Bye List'!$A$1:$B$33,2,False) -> #N/A | G260: =if(ISNA(vlookup($A260, Sleeper!$B$2:$E$330, 4, false)), 0, vlookup($A260, Sleeper!$B$2:$E$330, 4, false)) -> 0 | H260: =if(ISNA(vlookup($A260, ESPN!$B$2:$E$297, 4, false)), 0, vlookup($A260, ESPN!$B$2:$E$297, 4, false)) -> 0 | I260: =if(ISNA(vlookup($A260,'Ultimate Draft Kit'!$B$2:$E$324,4, false)), 0, vlookup($A260,'Ultimate Draft Kit'!$B$2:$E$324, 4, false)) -> 0 | J260: =if(ISNA(vlookup($A260,Rotowire!$B$2:$E$1075,4, false)), 0, vlookup($A260,Rotowire!$B$2:$E$1075, 4, false)) -> 0 | K260: =if(ISNA(vlookup($A260, FantasyPro!$B$2:$E$341,4,false)),0,vlookup($A260,FantasyPro!$B$2:$E$341,4,false)) -> 0 | L260: =if(ISNA(vlookup($A260, FFToolbox!$B$2:$E$414, 4, false)), 0, vlookup($A260, FFToolbox!$B$2:$E$414, 4, false)) -> 0 | M260: =Average(G260:L260) -> 0 | N260: =max(G260:L260)-min(G260:L260) -> 0
A261: Stephen Gostkowski | B261: No | C261: NR | D261: FA | E261: K | F261: =vlookup(D261,'Team Bye List'!$A$1:$B$33,2,False) -> #N/A | G261: =if(ISNA(vlookup($A261, Sleeper!$B$2:$E$330, 4, false)), 0, vlookup($A261, Sleeper!$B$2:$E$330, 4, false)) -> 0 | H261: =if(ISNA(vlookup($A261, ESPN!$B$2:$E$297, 4, false)), 0, vlookup($A261, ESPN!$B$2:$E$297, 4, false)) -> 0 | I261: =if(ISNA(vlookup($A261,'Ultimate Draft Kit'!$B$2:$E$324,4, false)), 0, vlookup($A261,'Ultimate Draft Kit'!$B$2:$E$324, 4, false)) -> 0 | J261: =if(ISNA(vlookup($A261,Rotowire!$B$2:$E$1075,4, false)), 0, vlookup($A261,Rotowire!$B$2:$E$1075, 4, false)) -> 0 | K261: =if(ISNA(vlookup($A261, FantasyPro!$B$2:$E$341,4,false)),0,vlookup($A261,FantasyPro!$B$2:$E$341,4,false)) -> 0 | L261: =if(ISNA(vlookup($A261, FFToolbox!$B$2:$E$414, 4, false)), 0, vlookup($A261, FFToolbox!$B$2:$E$414, 4, false)) -> 0 | M261: =Average(G261:L261) -> 0 | N261: =max(G261:L261)-min(G261:L261) -> 0
A262: Kai Forbath | B262: No | C262: NR | D262: FA | E262: K | F262: =vlookup(D262,'Team Bye List'!$A$1:$B$33,2,False) -> #N/A | G262: =if(ISNA(vlookup($A262, Sleeper!$B$2:$E$330, 4, false)), 0, vlookup($A262, Sleeper!$B$2:$E$330, 4, false)) -> 0 | H262: =if(ISNA(vlookup($A262, ESPN!$B$2:$E$297, 4, false)), 0, vlookup($A262, ESPN!$B$2:$E$297, 4, false)) -> 0 | I262: =if(ISNA(vlookup($A262,'Ultimate Draft Kit'!$B$2:$E$324,4, false)), 0, vlookup($A262,'Ultimate Draft Kit'!$B$2:$E$324, 4, false)) -> 0 | J262: =if(ISNA(vlookup($A262,Rotowire!$B$2:$E$1075,4, false)), 0, vlookup($A262,Rotowire!$B$2:$E$1075, 4, false)) -> 0 | K262: =if(ISNA(vlookup($A262, FantasyPro!$B$2:$E$341,4,false)),0,vlookup($A262,FantasyPro!$B$2:$E$341,4,false)) -> 0 | L262: =if(ISNA(vlookup($A262, FFToolbox!$B$2:$E$414, 4, false)), 0, vlookup($A262, FFToolbox!$B$2:$E$414, 4, false)) -> 0 | M262: =Average(G262:L262) -> 0 | N262: =max(G262:L262)-min(G262:L262) -> 0
A263: Dan Bailey | B263: No | C263: NR | D263: FA | E263: K | F263: =vlookup(D263,'Team Bye List'!$A$1:$B$33,2,False) -> #N/A | G263: =if(ISNA(vlookup($A263, Sleeper!$B$2:$E$330, 4, false)), 0, vlookup($A263, Sleeper!$B$2:$E$330, 4, false)) -> 0 | H263: =if(ISNA(vlookup($A263, ESPN!$B$2:$E$297, 4, false)), 0, vlookup($A263, ESPN!$B$2:$E$297, 4, false)) -> 0 | I263: =if(ISNA(vlookup($A263,'Ultimate Draft Kit'!$B$2:$E$324,4, false)), 0, vlookup($A263,'Ultimate Draft Kit'!$B$2:$E$324, 4, false)) -> 0 | J263: =if(ISNA(vlookup($A263,Rotowire!$B$2:$E$1075,4, false)), 0, vlookup($A263,Rotowire!$B$2:$E$1075, 4, false)) -> 0 | K263: =if(ISNA(vlookup($A263, FantasyPro!$B$2:$E$341,4,false)),0,vlookup($A263,FantasyPro!$B$2:$E$341,4,false)) -> 0 | L263: =if(ISNA(vlookup($A263, FFToolbox!$B$2:$E$414, 4, false)), 0, vlookup($A263, FFToolbox!$B$2:$E$414, 4, false)) -> 0 | M263: =Average(G263:L263) -> 0 | N263: =max(G263:L263)-min(G263:L263) -> 0
A264: Elliott Fry | B264: No | C264: NR | D264: FA | E264: K | F264: =vlookup(D264,'Team Bye List'!$A$1:$B$33,2,False) -> #N/A | G264: =if(ISNA(vlookup($A264, Sleeper!$B$2:$E$330, 4, false)), 0, vlookup($A264, Sleeper!$B$2:$E$330, 4, false)) -> 0 | H264: =if(ISNA(vlookup($A264, ESPN!$B$2:$E$297, 4, false)), 0, vlookup($A264, ESPN!$B$2:$E$297, 4, false)) -> 0 | I264: =if(ISNA(vlookup($A264,'Ultimate Draft Kit'!$B$2:$E$324,4, false)), 0, vlookup($A264,'Ultimate Draft Kit'!$B$2:$E$324, 4, false)) -> 0 | J264: =if(ISNA(vlookup($A264,Rotowire!$B$2:$E$1075,4, false)), 0, vlookup($A264,Rotowire!$B$2:$E$1075, 4, false)) -> 0 | K264: =if(ISNA(vlookup($A264, FantasyPro!$B$2:$E$341,4,false)),0,vlookup($A264,FantasyPro!$B$2:$E$341,4,false)) -> 0 | L264: =if(ISNA(vlookup($A264, FFToolbox!$B$2:$E$414, 4, false)), 0, vlookup($A264, FFToolbox!$B$2:$E$414, 4, false)) -> 0 | M264: =Average(G264:L264) -> 0 | N264: =max(G264:L264)-min(G264:L264) -> 0
A265: Chris Blewitt | B265: No | C265: NR | D265: FA | E265: K | F265: =vlookup(D265,'Team Bye List'!$A$1:$B$33,2,False) -> #N/A | G265: =if(ISNA(vlookup($A265, Sleeper!$B$2:$E$330, 4, false)), 0, vlookup($A265, Sleeper!$B$2:$E$330, 4, false)) -> 0 | H265: =if(ISNA(vlookup($A265, ESPN!$B$2:$E$297, 4, false)), 0, vlookup($A265, ESPN!$B$2:$E$297, 4, false)) -> 0 | I265: =if(ISNA(vlookup($A265,'Ultimate Draft Kit'!$B$2:$E$324,4, false)), 0, vlookup($A265,'Ultimate Draft Kit'!$B$2:$E$324, 4, false)) -> 0 | J265: =if(ISNA(vlookup($A265,Rotowire!$B$2:$E$1075,4, false)), 0, vlookup($A265,Rotowire!$B$2:$E$1075, 4, false)) -> 0 | K265: =if(ISNA(vlookup($A265, FantasyPro!$B$2:$E$341,4,false)),0,vlookup($A265,FantasyPro!$B$2:$E$341,4,false)) -> 0 | L265: =if(ISNA(vlookup($A265, FFToolbox!$B$2:$E$414, 4, false)), 0, vlookup($A265, FFToolbox!$B$2:$E$414, 4, false)) -> 0 | M265: =Average(G265:L265) -> 0 | N265: =max(G265:L265)-min(G265:L265) -> 0
A266: Josh Lambo | B266: No | C266: NR | D266: FA | E266: K | F266: =vlookup(D266,'Team Bye List'!$A$1:$B$33,2,False) -> #N/A | G266: =if(ISNA(vlookup($A266, Sleeper!$B$2:$E$330, 4, false)), 0, vlookup($A266, Sleeper!$B$2:$E$330, 4, false)) -> 0 | H266: =if(ISNA(vlookup($A266, ESPN!$B$2:$E$297, 4, false)), 0, vlookup($A266, ESPN!$B$2:$E$297, 4, false)) -> 0 | I266: =if(ISNA(vlookup($A266,'Ultimate Draft Kit'!$B$2:$E$324,4, false)), 0, vlookup($A266,'Ultimate Draft Kit'!$B$2:$E$324, 4, false)) -> 0 | J266: =if(ISNA(vlookup($A266,Rotowire!$B$2:$E$1075,4, false)), 0, vlookup($A266,Rotowire!$B$2:$E$1075, 4, false)) -> 0 | K266: =if(ISNA(vlookup($A266, FantasyPro!$B$2:$E$341,4,false)),0,vlookup($A266,FantasyPro!$B$2:$E$341,4,false)) -> 0 | L266: =if(ISNA(vlookup($A266, FFToolbox!$B$2:$E$414, 4, false)), 0, vlookup($A266, FFToolbox!$B$2:$E$414, 4, false)) -> 0 | M266: =Average(G266:L266) -> 0 | N266: =max(G266:L266)-min(G266:L266) -> 0
A267: Michael Badgley | B267: No | C267: NR | D267: FA | E267: K | F267: =vlookup(D267,'Team Bye List'!$A$1:$B$33,2,False) -> #N/A | G267: =if(ISNA(vlookup($A267, Sleeper!$B$2:$E$330, 4, false)), 0, vlookup($A267, Sleeper!$B$2:$E$330, 4, false)) -> 0 | H267: =if(ISNA(vlookup($A267, ESPN!$B$2:$E$297, 4, false)), 0, vlookup($A267, ESPN!$B$2:$E$297, 4, false)) -> 0 | I267: =if(ISNA(vlookup($A267,'Ultimate Draft Kit'!$B$2:$E$324,4, false)), 0, vlookup($A267,'Ultimate Draft Kit'!$B$2:$E$324, 4, false)) -> 0 | J267: =if(ISNA(vlookup($A267,Rotowire!$B$2:$E$1075,4, false)), 0, vlookup($A267,Rotowire!$B$2:$E$1075, 4, false)) -> 0 | K267: =if(ISNA(vlookup($A267, FantasyPro!$B$2:$E$341,4,false)),0,vlookup($A267,FantasyPro!$B$2:$E$341,4,false)) -> 0 | L267: =if(ISNA(vlookup($A267, FFToolbox!$B$2:$E$414, 4, false)), 0, vlookup($A267, FFToolbox!$B$2:$E$414, 4, false)) -> 0 | M267: =Average(G267:L267) -> 0 | N267: =max(G267:L267)-min(G267:L267) -> 0
A268: Matt Ammendola | B268: No | C268: NR | D268: FA | E268: K | F268: =vlookup(D268,'Team Bye List'!$A$1:$B$33,2,False) -> #N/A | G268: =if(ISNA(vlookup($A268, Sleeper!$B$2:$E$330, 4, false)), 0, vlookup($A268, Sleeper!$B$2:$E$330, 4, false)) -> 0 | H268: =if(ISNA(vlookup($A268, ESPN!$B$2:$E$297, 4, false)), 0, vlookup($A268, ESPN!$B$2:$E$297, 4, false)) -> 0 | I268: =if(ISNA(vlookup($A268,'Ultimate Draft Kit'!$B$2:$E$324,4, false)), 0, vlookup($A268,'Ultimate Draft Kit'!$B$2:$E$324, 4, false)) -> 0 | J268: =if(ISNA(vlookup($A268,Rotowire!$B$2:$E$1075,4, false)), 0, vlookup($A268,Rotowire!$B$2:$E$1075, 4, false)) -> 0 | K268: =if(ISNA(vlookup($A268, FantasyPro!$B$2:$E$341,4,false)),0,vlookup($A268,FantasyPro!$B$2:$E$341,4,false)) -> 0 | L268: =if(ISNA(vlookup($A268, FFToolbox!$B$2:$E$414, 4, false)), 0, vlookup($A268, FFToolbox!$B$2:$E$414, 4, false)) -> 0 | M268: =Average(G268:L268) -> 0 | N268: =max(G268:L268)-min(G268:L268) -> 0
... A285: Lirim Hajrullahu | B285: No | C285: NR | D285: DAL | E285: K | F285: =vlookup(D285,'Team Bye List'!$A$1:$B$33,2,False) -> 9 | G285: =if(ISNA(vlookup($A285, Sleeper!$B$2:$E$330, 4, false)), 0, vlookup($A285, Sleeper!$B$2:$E$330, 4, false)) -> 0 | H285: =if(ISNA(vlookup($A285, ESPN!$B$2:$E$297, 4, false)), 0, vlookup($A285, ESPN!$B$2:$E$297, 4, false)) -> 0 | I285: =if(ISNA(vlookup($A285,'Ultimate Draft Kit'!$B$2:$E$324,4, false)), 0, vlookup($A285,'Ultimate Draft Kit'!$B$2:$E$324, 4, false)) -> 0 | J285: =if(ISNA(vlookup($A285,Rotowire!$B$2:$E$1075,4, false)), 0, vlookup($A285,Rotowire!$B$2:$E$1075, 4, false)) -> 0 | K285: =if(ISNA(vlookup($A285, FantasyPro!$B$2:$E$341,4,false)),0,vlookup($A285,FantasyPro!$B$2:$E$341,4,false)) -> 0 | L285: =if(ISNA(vlookup($A285, FFToolbox!$B$2:$E$414, 4, false)), 0, vlookup($A285, FFToolbox!$B$2:$E$414, 4, false)) -> 1 | M285: =Average(G285:L285) -> 0.16666667 | N285: =max(G285:L285)-min(G285:L285) -> 1
A286: Dan Arnold | B286: No | D286: JAC | E286: TE | F286: =vlookup(D286,'Team Bye List'!$A$1:$B$33,2,False) -> 11 | G286: =if(ISNA(vlookup($A286, Sleeper!$B$2:$E$330, 4, false)), 0, vlookup($A286, Sleeper!$B$2:$E$330, 4, false)) -> 0 | H286: =if(ISNA(vlookup($A286, ESPN!$B$2:$E$297, 4, false)), 0, vlookup($A286, ESPN!$B$2:$E$297, 4, false)) -> 0 | I286: =if(ISNA(vlookup($A286,'Ultimate Draft Kit'!$B$2:$E$324,4, false)), 0, vlookup($A286,'Ultimate Draft Kit'!$B$2:$E$324, 4, false)) -> 0 | J286: =if(ISNA(vlookup($A286,Rotowire!$B$2:$E$1075,4, false)), 0, vlookup($A286,Rotowire!$B$2:$E$1075, 4, false)) -> 0 | K286: =if(ISNA(vlookup($A286, FantasyPro!$B$2:$E$341,4,false)),0,vlookup($A286,FantasyPro!$B$2:$E$341,4,false)) -> 0 | L286: =if(ISNA(vlookup($A286, FFToolbox!$B$2:$E$414, 4, false)), 0, vlookup($A286, FFToolbox!$B$2:$E$414, 4, false)) -> 1 | M286: =Average(G286:L286) -> 0.16666667 | N286: =max(G286:L286)-min(G286:L286) -> 1
A287: Cedrick Wilson Jr. | B287: No | C287: 10 | D287: MIA | E287: WR | F287: =vlookup(D287,'Team Bye List'!$A$1:$B$33,2,False) -> 11 | G287: =if(ISNA(vlookup($A287, Sleeper!$B$2:$E$330, 4, false)), 0, vlookup($A287, Sleeper!$B$2:$E$330, 4, false)) -> 1 | H287: =if(ISNA(vlookup($A287, ESPN!$B$2:$E$297, 4, false)), 0, vlookup($A287, ESPN!$B$2:$E$297, 4, false)) -> 0 | I287: =if(ISNA(vlookup($A287,'Ultimate Draft Kit'!$B$2:$E$324,4, false)), 0, vlookup($A287,'Ultimate Draft Kit'!$B$2:$E$324, 4, false)) -> 1 | J287: =if(ISNA(vlookup($A287,Rotowire!$B$2:$E$1075,4, false)), 0, vlookup($A287,Rotowire!$B$2:$E$1075, 4, false)) -> 0 | K287: =if(ISNA(vlookup($A287, FantasyPro!$B$2:$E$341,4,false)),0,vlookup($A287,FantasyPro!$B$2:$E$341,4,false)) -> 0 | L287: =if(ISNA(vlookup($A287, FFToolbox!$B$2:$E$414, 4, false)), 0, vlookup($A287, FFToolbox!$B$2:$E$414, 4, false)) -> 0 | M287: =Average(G287:L287) -> 0.33333333 | N287: =max(G287:L287)-min(G287:L287) -> 1
A288: Tommy Tremble | B288: No | C288: 7 | D288: CAR | E288: TE | F288: =vlookup(D288,'Team Bye List'!$A$1:$B$33,2,False) -> 13 | G288: =if(ISNA(vlookup($A288, Sleeper!$B$2:$E$330, 4, false)), 0, vlookup($A288, Sleeper!$B$2:$E$330, 4, false)) -> 1 | H288: =if(ISNA(vlookup($A288, ESPN!$B$2:$E$297, 4, false)), 0, vlookup($A288, ESPN!$B$2:$E$297, 4, false)) -> 0 | I288: =if(ISNA(vlookup($A288,'Ultimate Draft Kit'!$B$2:$E$324,4, false)), 0, vlookup($A288,'Ultimate Draft Kit'!$B$2:$E$324, 4, false)) -> 1 | J288: =if(ISNA(vlookup($A288,Rotowire!$B$2:$E$1075,4, false)), 0, vlookup($A288,Rotowire!$B$2:$E$1075, 4, false)) -> 0 | K288: =if(ISNA(vlookup($A288, FantasyPro!$B$2:$E$341,4,false)),0,vlookup($A288,FantasyPro!$B$2:$E$341,4,false)) -> 0 | L288: =if(ISNA(vlookup($A288, FFToolbox!$B$2:$E$414, 4, false)), 0, vlookup($A288, FFToolbox!$B$2:$E$414, 4, false)) -> 1 | M288: =Average(G288:L288) -> 0.5 | N288: =max(G288:L288)-min(G288:L288) -> 1
A289: Nick Westbrook-Ikhine | B289: No | C289: 10 | D289: TEN | E289: WR | F289: =vlookup(D289,'Team Bye List'!$A$1:$B$33,2,False) -> 6 | G289: =if(ISNA(vlookup($A289, Sleeper!$B$2:$E$330, 4, false)), 0, vlookup($A289, Sleeper!$B$2:$E$330, 4, false)) -> 1 | H289: =if(ISNA(vlookup($A289, ESPN!$B$2:$E$297, 4, false)), 0, vlookup($A289, ESPN!$B$2:$E$297, 4, false)) -> 0 | I289: =if(ISNA(vlookup($A289,'Ultimate Draft Kit'!$B$2:$E$324,4, false)), 0, vlookup($A289,'Ultimate Draft Kit'!$B$2:$E$324, 4, false)) -> 1 | J289: =if(ISNA(vlookup($A289,Rotowire!$B$2:$E$1075,4, false)), 0, vlookup($A289,Rotowire!$B$2:$E$1075, 4, false)) -> 0 | K289: =if(ISNA(vlookup($A289, FantasyPro!$B$2:$E$341,4,false)),0,vlookup($A289,FantasyPro!$B$2:$E$341,4,false)) -> 0 | L289: =if(ISNA(vlookup($A289, FFToolbox!$B$2:$E$414, 4, false)), 0, vlookup($A289, FFToolbox!$B$2:$E$414, 4, false)) -> 1 | M289: =Average(G289:L289) -> 0.5 | N289: =max(G289:L289)-min(G289:L289) -> 1
A290: Rondale Moore | B290: No | C290: 9 | D290: ARI | E290: WR | F290: =vlookup(D290,'Team Bye List'!$A$1:$B$33,2,False) -> 13 | G290: =if(ISNA(vlookup($A290, Sleeper!$B$2:$E$330, 4, false)), 0, vlookup($A290, Sleeper!$B$2:$E$330, 4, false)) -> 1 | H290: =if(ISNA(vlookup($A290, ESPN!$B$2:$E$297, 4, false)), 0, vlookup($A290, ESPN!$B$2:$E$297, 4, false)) -> 0 | I290: =if(ISNA(vlookup($A290,'Ultimate Draft Kit'!$B$2:$E$324,4, false)), 0, vlookup($A290,'Ultimate Draft Kit'!$B$2:$E$324, 4, false)) -> 1 | J290: =if(ISNA(vlookup($A290,Rotowire!$B$2:$E$1075,4, false)), 0, vlookup($A290,Rotowire!$B$2:$E$1075, 4, false)) -> 0 | K290: =if(ISNA(vlookup($A290, FantasyPro!$B$2:$E$341,4,false)),0,vlookup($A290,FantasyPro!$B$2:$E$341,4,false)) -> 1 | L290: =if(ISNA(vlookup($A290, FFToolbox!$B$2:$E$414, 4, false)), 0, vlookup($A290, FFToolbox!$B$2:$E$414, 4, false)) -> 1 | M290: =Average(G290:L290) -> 0.66666667 | N290: =max(G290:L290)-min(G290:L290) -> 1
A291: Curtis Samuel | B291: No | C291: 10 | D291: WAS | E291: WR | F291: =vlookup(D291,'Team Bye List'!$A$1:$B$33,2,False) -> 14 | G291: =if(ISNA(vlookup($A291, Sleeper!$B$2:$E$330, 4, false)), 0, vlookup($A291, Sleeper!$B$2:$E$330, 4, false)) -> 1 | H291: =if(ISNA(vlookup($A291, ESPN!$B$2:$E$297, 4, false)), 0, vlookup($A291, ESPN!$B$2:$E$297, 4, false)) -> 0 | I291: =if(ISNA(vlookup($A291,'Ultimate Draft Kit'!$B$2:$E$324,4, false)), 0, vlookup($A291,'Ultimate Draft Kit'!$B$2:$E$324, 4, false)) -> 1 | J291: =if(ISNA(vlookup($A291,Rotowire!$B$2:$E$1075,4, false)), 0, vlookup($A291,Rotowire!$B$2:$E$1075, 4, false)) -> 0 | K291: =if(ISNA(vlookup($A291, FantasyPro!$B$2:$E$341,4,false)),0,vlookup($A291,FantasyPro!$B$2:$E$341,4,false)) -> 0 | L291: =if(ISNA(vlookup($A291, FFToolbox!$B$2:$E$414, 4, false)), 0, vlookup($A291, FFToolbox!$B$2:$E$414, 4, false)) -> 1 | M291: =Average(G291:L291) -> 0.5 | N291: =max(G291:L291)-min(G291:L291) -> 1
A292: Velus Jones Jr. | B292: No | C292: 10 | D292: CHI | E292: WR | F292: =vlookup(D292,'Team Bye List'!$A$1:$B$33,2,False) -> 14 | G292: =if(ISNA(vlookup($A292, Sleeper!$B$2:$E$330, 4, false)), 0, vlookup($A292, Sleeper!$B$2:$E$330, 4, false)) -> 1 | H292: =if(ISNA(vlookup($A292, ESPN!$B$2:$E$297, 4, false)), 0, vlookup($A292, ESPN!$B$2:$E$297, 4, false)) -> 0 | I292: =if(ISNA(vlookup($A292,'Ultimate Draft Kit'!$B$2:$E$324,4, false)), 0, vlookup($A292,'Ultimate Draft Kit'!$B$2:$E$324, 4, false)) -> 1 | J292: =if(ISNA(vlookup($A292,Rotowire!$B$2:$E$1075,4, false)), 0, vlookup($A292,Rotowire!$B$2:$E$1075, 4, false)) -> 0 | K292: =if(ISNA(vlookup($A292, FantasyPro!$B$2:$E$341,4,false)),0,vlookup($A292,FantasyPro!$B$2:$E$341,4,false)) -> 0 | L292: =if(ISNA(vlookup($A292, FFToolbox!$B$2:$E$414, 4, false)), 0, vlookup($A292, FFToolbox!$B$2:$E$414, 4, false)) -> 0 | M292: =Average(G292:L292) -> 0.33333333 | N292: =max(G292:L292)-min(G292:L292) -> 1
A293: Jamison Crowder | B293: No | C293: 10 | D293: BUF | E293: WR | F293: =vlookup(D293,'Team Bye List'!$A$1:$B$33,2,False) -> 7 | G293: =if(ISNA(vlookup($A293, Sleeper!$B$2:$E$330, 4, false)), 0, vlookup($A293, Sleeper!$B$2:$E$330, 4, false)) -> 1 | H293: =if(ISNA(vlookup($A293, ESPN!$B$2:$E$297, 4, false)), 0, vlookup($A293, ESPN!$B$2:$E$297, 4, false)) -> 0 | I293: =if(ISNA(vlookup($A293,'Ultimate Draft Kit'!$B$2:$E$324,4, false)), 0, vlookup($A293,'Ultimate Draft Kit'!$B$2:$E$324, 4, false)) -> 1 | J293: =if(ISNA(vlookup($A293,Rotowire!$B$2:$E$1075,4, false)), 0, vlookup($A293,Rotowire!$B$2:$E$1075, 4, false)) -> 0 | K293: =if(ISNA(vlookup($A293, FantasyPro!$B$2:$E$341,4,false)),0,vlookup($A293,FantasyPro!$B$2:$E$341,4,false)) -> 0 | L293: =if(ISNA(vlookup($A293, FFToolbox!$B$2:$E$414, 4, false)), 0, vlookup($A293, FFToolbox!$B$2:$E$414, 4, false)) -> 1 | M293: =Average(G293:L293) -> 0.5 | N293: =max(G293:L293)-min(G293:L293) -> 1
A294: Jonnu Smith | B294: No | C294: 8 | D294: NE | E294: TE | F294: =vlookup(D294,'Team Bye List'!$A$1:$B$33,2,False) -> 10 | G294: =if(ISNA(vlookup($A294, Sleeper!$B$2:$E$330, 4, false)), 0, vlookup($A294, Sleeper!$B$2:$E$330, 4, false)) -> 1 | H294: =if(ISNA(vlookup($A294, ESPN!$B$2:$E$297, 4, false)), 0, vlookup($A294, ESPN!$B$2:$E$297, 4, false)) -> 0 | I294: =if(ISNA(vlookup($A294,'Ultimate Draft Kit'!$B$2:$E$324,4, false)), 0, vlookup($A294,'Ultimate Draft Kit'!$B$2:$E$324, 4, false)) -> 1 | J294: =if(ISNA(vlookup($A294,Rotowire!$B$2:$E$1075,4, false)), 0, vlookup($A294,Rotowire!$B$2:$E$1075, 4, false)) -> 0 | K294: =if(ISNA(vlookup($A294, FantasyPro!$B$2:$E$341,4,false)),0,vlookup($A294,FantasyPro!$B$2:$E$341,4,false)) -> 0 | L294: =if(ISNA(vlookup($A294, FFToolbox!$B$2:$E$414, 4, false)), 0, vlookup($A294, FFToolbox!$B$2:$E$414, 4, false)) -> 1 | M294: =Average(G294:L294) -> 0.5 | N294: =max(G294:L294)-min(G294:L294) -> 1
A295: Wan'Dale Robinson | B295: No | C295: 10 | D295: NYG | E295: WR | F295: =vlookup(D295,'Team Bye List'!$A$1:$B$33,2,False) -> 9 | G295: =if(ISNA(vlookup($A295, Sleeper!$B$2:$E$330, 4, false)), 0, vlookup($A295, Sleeper!$B$2:$E$330, 4, false)) -> 1 | H295: =if(ISNA(vlookup($A295, ESPN!$B$2:$E$297, 4, false)), 0, vlookup($A295, ESPN!$B$2:$E$297, 4, false)) -> 0 | I295: =if(ISNA(vlookup($A295,'Ultimate Draft Kit'!$B$2:$E$324,4, false)), 0, vlookup($A295,'Ultimate Draft Kit'!$B$2:$E$324, 4, false)) -> 1 | J295: =if(ISNA(vlookup($A295,Rotowire!$B$2:$E$1075,4, false)), 0, vlookup($A295,Rotowire!$B$2:$E$1075, 4, false)) -> 0 | K295: =if(ISNA(vlookup($A295, FantasyPro!$B$2:$E$341,4,false)),0,vlookup($A295,FantasyPro!$B$2:$E$341,4,false)) -> 0 | L295: =if(ISNA(vlookup($A295, FFToolbox!$B$2:$E$414, 4, false)), 0, vlookup($A295, FFToolbox!$B$2:$E$414, 4, false)) -> 1 | M295: =Average(G295:L295) -> 0.5 | N295: =max(G295:L295)-min(G295:L295) -> 1
A296: K.J. Osborn | B296: No | C296: 9 | D296: MIN | E296: WR | F296: =vlookup(D296,'Team Bye List'!$A$1:$B$33,2,False) -> 7 | G296: =if(ISNA(vlookup($A296, Sleeper!$B$2:$E$330, 4, false)), 0, vlookup($A296, Sleeper!$B$2:$E$330, 4, false)) -> 1 | H296: =if(ISNA(vlookup($A296, ESPN!$B$2:$E$297, 4, false)), 0, vlookup($A296, ESPN!$B$2:$E$297, 4, false)) -> 0 | I296: =if(ISNA(vlookup($A296,'Ultimate Draft Kit'!$B$2:$E$324,4, false)), 0, vlookup($A296,'Ultimate Draft Kit'!$B$2:$E$324, 4, false)) -> 1 | J296: =if(ISNA(vlookup($A296,Rotowire!$B$2:$E$1075,4, false)), 0, vlookup($A296,Rotowire!$B$2:$E$1075, 4, false)) -> 0 | K296: =if(ISNA(vlookup($A296, FantasyPro!$B$2:$E$341,4,false)),0,vlookup($A296,FantasyPro!$B$2:$E$341,4,false)) -> 1 | L296: =if(ISNA(vlookup($A296, FFToolbox!$B$2:$E$414, 4, false)), 0, vlookup($A296, FFToolbox!$B$2:$E$414, 4, false)) -> 1 | M296: =Average(G296:L296) -> 0.66666667 | N296: =max(G296:L296)-min(G296:L296) -> 1
A297: John Metchie III | B297: No | C297: 10 | D297: HOU | E297: WR | F297: =vlookup(D297,'Team Bye List'!$A$1:$B$33,2,False) -> 6 | G297: =if(ISNA(vlookup($A297, Sleeper!$B$2:$E$330, 4, false)), 0, vlookup($A297, Sleeper!$B$2:$E$330, 4, false)) -> 1 | H297: =if(ISNA(vlookup($A297, ESPN!$B$2:$E$297, 4, false)), 0, vlookup($A297, ESPN!$B$2:$E$297, 4, false)) -> 0 | I297: =if(ISNA(vlookup($A297,'Ultimate Draft Kit'!$B$2:$E$324,4, false)), 0, vlookup($A297,'Ultimate Draft Kit'!$B$2:$E$324, 4, false)) -> 1 | J297: =if(ISNA(vlookup($A297,Rotowire!$B$2:$E$1075,4, false)), 0, vlookup($A297,Rotowire!$B$2:$E$1075, 4, false)) -> 0 | K297: =if(ISNA(vlookup($A297, FantasyPro!$B$2:$E$341,4,false)),0,vlookup($A297,FantasyPro!$B$2:$E$341,4,false)) -> 0 | L297: =if(ISNA(vlookup($A297, FFToolbox!$B$2:$E$414, 4, false)), 0, vlookup($A297, FFToolbox!$B$2:$E$414, 4, false)) -> 0 | M297: =Average(G297:L297) -> 0.33333333 | N297: =max(G297:L297)-min(G297:L297) -> 1
A298: A.J. Green | B298: No | C298: 10 | D298: ARI | E298: WR | F298: =vlookup(D298,'Team Bye List'!$A$1:$B$33,2,False) -> 13 | G298: =if(ISNA(vlookup($A298, Sleeper!$B$2:$E$330, 4, false)), 0, vlookup($A298, Sleeper!$B$2:$E$330, 4, false)) -> 1 | H298: =if(ISNA(vlookup($A298, ESPN!$B$2:$E$297, 4, false)), 0, vlookup($A298, ESPN!$B$2:$E$297, 4, false)) -> 0 | I298: =if(ISNA(vlookup($A298,'Ultimate Draft Kit'!$B$2:$E$324,4, false)), 0, vlookup($A298,'Ultimate Draft Kit'!$B$2:$E$324, 4, false)) -> 1 | J298: =if(ISNA(vlookup($A298,Rotowire!$B$2:$E$1075,4, false)), 0, vlookup($A298,Rotowire!$B$2:$E$1075, 4, false)) -> 0 | K298: =if(ISNA(vlookup($A298, FantasyPro!$B$2:$E$341,4,false)),0,vlookup($A298,FantasyPro!$B$2:$E$341,4,false)) -> 0 | L298: =if(ISNA(vlookup($A298, FFToolbox!$B$2:$E$414, 4, false)), 0, vlookup($A298, FFToolbox!$B$2:$E$414, 4, false)) -> 1 | M298: =Average(G298:L298) -> 0.5 | N298: =max(G298:L298)-min(G298:L298) -> 1
A299: Harrison Bryant | B299: No | D299: CLE | E299: TE | F299: =vlookup(D299,'Team Bye List'!$A$1:$B$33,2,False) -> 9 | G299: =if(ISNA(vlookup($A299, Sleeper!$B$2:$E$330, 4, false)), 0, vlookup($A299, Sleeper!$B$2:$E$330, 4, false)) -> 0 | H299: =if(ISNA(vlookup($A299, ESPN!$B$2:$E$297, 4, false)), 0, vlookup($A299, ESPN!$B$2:$E$297, 4, false)) -> 0 | I299: =if(ISNA(vlookup($A299,'Ultimate Draft Kit'!$B$2:$E$324,4, false)), 0, vlookup($A299,'Ultimate Draft Kit'!$B$2:$E$324, 4, false)) -> 0 | J299: =if(ISNA(vlookup($A299,Rotowire!$B$2:$E$1075,4, false)), 0, vlookup($A299,Rotowire!$B$2:$E$1075, 4, false)) -> 0 | K299: =if(ISNA(vlookup($A299, FantasyPro!$B$2:$E$341,4,false)),0,vlookup($A299,FantasyPro!$B$2:$E$341,4,false)) -> 0 | L299: =if(ISNA(vlookup($A299, FFToolbox!$B$2:$E$414, 4, false)), 0, vlookup($A299, FFToolbox!$B$2:$E$414, 4, false)) -> 1 | M299: =Average(G299:L299) -> 0.16666667 | N299: =max(G299:L299)-min(G299:L299) -> 1
A300: Randall Cobb | B300: No | C300: 9 | D300: GB | E300: WR | F300: =vlookup(D300,'Team Bye List'!$A$1:$B$33,2,False) -> 14 | G300: =if(ISNA(vlookup($A300, Sleeper!$B$2:$E$330, 4, false)), 0, vlookup($A300, Sleeper!$B$2:$E$330, 4, false)) -> 1 | H300: =if(ISNA(vlookup($A300, ESPN!$B$2:$E$297, 4, false)), 0, vlookup($A300, ESPN!$B$2:$E$297, 4, false)) -> 0 | I300: =if(ISNA(vlookup($A300,'Ultimate Draft Kit'!$B$2:$E$324,4, false)), 0, vlookup($A300,'Ultimate Draft Kit'!$B$2:$E$324, 4, false)) -> 1 | J300: =if(ISNA(vlookup($A300,Rotowire!$B$2:$E$1075,4, false)), 0, vlookup($A300,Rotowire!$B$2:$E$1075, 4, false)) -> 0 | K300: =if(ISNA(vlookup($A300, FantasyPro!$B$2:$E$341,4,false)),0,vlookup($A300,FantasyPro!$B$2:$E$341,4,false)) -> 0 | L300: =if(ISNA(vlookup($A300, FFToolbox!$B$2:$E$414, 4, false)), 0, vlookup($A300, FFToolbox!$B$2:$E$414, 4, false)) -> 1 | M300: =Average(G300:L300) -> 0.5 | N300: =max(G300:L300)-min(G300:L300) -> 1
A301: Donald Parham Jr. | B301: No | D301: LAC | E301: TE | F301: =vlookup(D301,'Team Bye List'!$A$1:$B$33,2,False) -> 6 | G301: =if(ISNA(vlookup($A301, Sleeper!$B$2:$E$330, 4, false)), 0, vlookup($A301, Sleeper!$B$2:$E$330, 4, false)) -> 0 | H301: =if(ISNA(vlookup($A301, ESPN!$B$2:$E$297, 4, false)), 0, vlookup($A301, ESPN!$B$2:$E$297, 4, false)) -> 0 | I301: =if(ISNA(vlookup($A301,'Ultimate Draft Kit'!$B$2:$E$324,4, false)), 0, vlookup($A301,'Ultimate Draft Kit'!$B$2:$E$324, 4, false)) -> 0 | J301: =if(ISNA(vlookup($A301,Rotowire!$B$2:$E$1075,4, false)), 0, vlookup($A301,Rotowire!$B$2:$E$1075, 4, false)) -> 0 | K301: =if(ISNA(vlookup($A301, FantasyPro!$B$2:$E$341,4,false)),0,vlookup($A301,FantasyPro!$B$2:$E$341,4,false)) -> 0 | L301: =if(ISNA(vlookup($A301, FFToolbox!$B$2:$E$414, 4, false)), 0, vlookup($A301, FFToolbox!$B$2:$E$414, 4, false)) -> 0 | M301: =Average(G301:L301) -> 0 | N301: =max(G301:L301)-min(G301:L301) -> 0
A302: Cade Otton | B302: No | D302: TB | E302: TE | F302: =vlookup(D302,'Team Bye List'!$A$1:$B$33,2,False) -> 11 | G302: =if(ISNA(vlookup($A302, Sleeper!$B$2:$E$330, 4, false)), 0, vlookup($A302, Sleeper!$B$2:$E$330, 4, false)) -> 0 | H302: =if(ISNA(vlookup($A302, ESPN!$B$2:$E$297, 4, false)), 0, vlookup($A302, ESPN!$B$2:$E$297, 4, false)) -> 0 | I302: =if(ISNA(vlookup($A302,'Ultimate Draft Kit'!$B$2:$E$324,4, false)), 0, vlookup($A302,'Ultimate Draft Kit'!$B$2:$E$324, 4, false)) -> 0 | J302: =if(ISNA(vlookup($A302,Rotowire!$B$2:$E$1075,4, false)), 0, vlookup($A302,Rotowire!$B$2:$E$1075, 4, false)) -> 0 | K302: =if(ISNA(vlookup($A302, FantasyPro!$B$2:$E$341,4,false)),0,vlookup($A302,FantasyPro!$B$2:$E$341,4,false)) -> 0 | L302: =if(ISNA(vlookup($A302, FFToolbox!$B$2:$E$414, 4, false)), 0, vlookup($A302, FFToolbox!$B$2:$E$414, 4, false)) -> 1 | M302: =Average(G302:L302) -> 0.16666667 | N302: =max(G302:L302)-min(G302:L302) -> 1
A303: Devin Duvernay | B303: No | C303: 10 | D303: BAL | E303: WR | F303: =vlookup(D303,'Team Bye List'!$A$1:$B$33,2,False) -> 10 | G303: =if(ISNA(vlookup($A303, Sleeper!$B$2:$E$330, 4, false)), 0, vlookup($A303, Sleeper!$B$2:$E$330, 4, false)) -> 1 | H303: =if(ISNA(vlookup($A303, ESPN!$B$2:$E$297, 4, false)), 0, vlookup($A303, ESPN!$B$2:$E$297, 4, false)) -> 0 | I303: =if(ISNA(vlookup($A303,'Ultimate Draft Kit'!$B$2:$E$324,4, false)), 0, vlookup($A303,'Ultimate Draft Kit'!$B$2:$E$324, 4, false)) -> 1 | J303: =if(ISNA(vlookup($A303,Rotowire!$B$2:$E$1075,4, false)), 0, vlookup($A303,Rotowire!$B$2:$E$1075, 4, false)) -> 0 | K303: =if(ISNA(vlookup($A303, FantasyPro!$B$2:$E$341,4,false)),0,vlookup($A303,FantasyPro!$B$2:$E$341,4,false)) -> 0 | L303: =if(ISNA(vlookup($A303, FFToolbox!$B$2:$E$414, 4, false)), 0, vlookup($A303, FFToolbox!$B$2:$E$414, 4, false)) -> 1 | M303: =Average(G303:L303) -> 0.5 | N303: =max(G303:L303)-min(G303:L303) -> 1
A304: James Washington | B304: No | C304: 10 | D304: DAL | E304: WR | F304: =vlookup(D304,'Team Bye List'!$A$1:$B$33,2,False) -> 9 | G304: =if(ISNA(vlookup($A304, Sleeper!$B$2:$E$330, 4, false)), 0, vlookup($A304, Sleeper!$B$2:$E$330, 4, false)) -> 1 | H304: =if(ISNA(vlookup($A304, ESPN!$B$2:$E$297, 4, false)), 0, vlookup($A304, ESPN!$B$2:$E$297, 4, false)) -> 0 | I304: =if(ISNA(vlookup($A304,'Ultimate Draft Kit'!$B$2:$E$324,4, false)), 0, vlookup($A304,'Ultimate Draft Kit'!$B$2:$E$324, 4, false)) -> 1 | J304: =if(ISNA(vlookup($A304,Rotowire!$B$2:$E$1075,4, false)), 0, vlookup($A304,Rotowire!$B$2:$E$1075, 4, false)) -> 0 | K304: =if(ISNA(vlookup($A304, FantasyPro!$B$2:$E$341,4,false)),0,vlookup($A304,FantasyPro!$B$2:$E$341,4,false)) -> 0 | L304: =if(ISNA(vlookup($A304, FFToolbox!$B$2:$E$414, 4, false)), 0, vlookup($A304, FFToolbox!$B$2:$E$414, 4, false)) -> 1 | M304: =Average(G304:L304) -> 0.5 | N304: =max(G304:L304)-min(G304:L304) -> 1
A305: Daniel Bellinger | B305: No | C305: 7 | D305: NYG | E305: TE | F305: =vlookup(D305,'Team Bye List'!$A$1:$B$33,2,False) -> 9 | G305: =if(ISNA(vlookup($A305, Sleeper!$B$2:$E$330, 4, false)), 0, vlookup($A305, Sleeper!$B$2:$E$330, 4, false)) -> 1 | H305: =if(ISNA(vlookup($A305, ESPN!$B$2:$E$297, 4, false)), 0, vlookup($A305, ESPN!$B$2:$E$297, 4, false)) -> 0 | I305: =if(ISNA(vlookup($A305,'Ultimate Draft Kit'!$B$2:$E$324,4, false)), 0, vlookup($A305,'Ultimate Draft Kit'!$B$2:$E$324, 4, false)) -> 1 | J305: =if(ISNA(vlookup($A305,Rotowire!$B$2:$E$1075,4, false)), 0, vlookup($A305,Rotowire!$B$2:$E$1075, 4, false)) -> 0 | K305: =if(ISNA(vlookup($A305, FantasyPro!$B$2:$E$341,4,false)),0,vlookup($A305,FantasyPro!$B$2:$E$341,4,false)) -> 0 | L305: =if(ISNA(vlookup($A305, FFToolbox!$B$2:$E$414, 4, false)), 0, vlookup($A305, FFToolbox!$B$2:$E$414, 4, false)) -> 1 | M305: =Average(G305:L305) -> 0.5 | N305: =max(G305:L305)-min(G305:L305) -> 1
A306: Kylen Granson | B306: No | D306: IND | E306: TE | F306: =vlookup(D306,'Team Bye List'!$A$1:$B$33,2,False) -> 14 | G306: =if(ISNA(vlookup($A306, Sleeper!$B$2:$E$330, 4, false)), 0, vlookup($A306, Sleeper!$B$2:$E$330, 4, false)) -> 0 | H306: =if(ISNA(vlookup($A306, ESPN!$B$2:$E$297, 4, false)), 0, vlookup($A306, ESPN!$B$2:$E$297, 4, false)) -> 0 | I306: =if(ISNA(vlookup($A306,'Ultimate Draft Kit'!$B$2:$E$324,4, false)), 0, vlookup($A306,'Ultimate Draft Kit'!$B$2:$E$324, 4, false)) -> 0 | J306: =if(ISNA(vlookup($A306,Rotowire!$B$2:$E$1075,4, false)), 0, vlookup($A306,Rotowire!$B$2:$E$1075, 4, false)) -> 0 | K306: =if(ISNA(vlookup($A306, FantasyPro!$B$2:$E$341,4,false)),0,vlookup($A306,FantasyPro!$B$2:$E$341,4,false)) -> 0 | L306: =if(ISNA(vlookup($A306, FFToolbox!$B$2:$E$414, 4, false)), 0, vlookup($A306, FFToolbox!$B$2:$E$414, 4, false)) -> 0 | M306: =Average(G306:L306) -> 0 | N306: =max(G306:L306)-min(G306:L306) -> 0
A307: O.J. Howard | B307: No | D307: BUF | E307: TE | F307: =vlookup(D307,'Team Bye List'!$A$1:$B$33,2,False) -> 7 | G307: =if(ISNA(vlookup($A307, Sleeper!$B$2:$E$330, 4, false)), 0, vlookup($A307, Sleeper!$B$2:$E$330, 4, false)) -> 0 | H307: =if(ISNA(vlookup($A307, ESPN!$B$2:$E$297, 4, false)), 0, vlookup($A307, ESPN!$B$2:$E$297, 4, false)) -> 0 | I307: =if(ISNA(vlookup($A307,'Ultimate Draft Kit'!$B$2:$E$324,4, false)), 0, vlookup($A307,'Ultimate Draft Kit'!$B$2:$E$324, 4, false)) -> 0 | J307: =if(ISNA(vlookup($A307,Rotowire!$B$2:$E$1075,4, false)), 0, vlookup($A307,Rotowire!$B$2:$E$1075, 4, false)) -> 0 | K307: =if(ISNA(vlookup($A307, FantasyPro!$B$2:$E$341,4,false)),0,vlookup($A307,FantasyPro!$B$2:$E$341,4,false)) -> 0 | L307: =if(ISNA(vlookup($A307, FFToolbox!$B$2:$E$414, 4, false)), 0, vlookup($A307, FFToolbox!$B$2:$E$414, 4, false)) -> 1 | M307: =Average(G307:L307) -> 0.16666667 | N307: =max(G307:L307)-min(G307:L307) -> 1
A308: Josiah Deguara | B308: No | D308: GB | E308: TE | F308: =vlookup(D308,'Team Bye List'!$A$1:$B$33,2,False) -> 14 | G308: =if(ISNA(vlookup($A308, Sleeper!$B$2:$E$330, 4, false)), 0, vlookup($A308, Sleeper!$B$2:$E$330, 4, false)) -> 0 | H308: =if(ISNA(vlookup($A308, ESPN!$B$2:$E$297, 4, false)), 0, vlookup($A308, ESPN!$B$2:$E$297, 4, false)) -> 0 | I308: =if(ISNA(vlookup($A308,'Ultimate Draft Kit'!$B$2:$E$324,4, false)), 0, vlookup($A308,'Ultimate Draft Kit'!$B$2:$E$324, 4, false)) -> 0 | J308: =if(ISNA(vlookup($A308,Rotowire!$B$2:$E$1075,4, false)), 0, vlookup($A308,Rotowire!$B$2:$E$1075, 4, false)) -> 0 | K308: =if(ISNA(vlookup($A308, FantasyPro!$B$2:$E$341,4,false)),0,vlookup($A308,FantasyPro!$B$2:$E$341,4,false)) -> 0 | L308: =if(ISNA(vlookup($A308, FFToolbox!$B$2:$E$414, 4, false)), 0, vlookup($A308, FFToolbox!$B$2:$E$414, 4, false)) -> 0 | M308: =Average(G308:L308) -> 0 | N308: =max(G308:L308)-min(G308:L308) -> 0
...

Sheet Players We Want
A1: Veterans | L1: =200-L20 -> 10
A2: Name | B2: Tier | C2: Team | D2: Position | E2: Bye Week | F2: Keeper Price | G2: Avg Price | H2: Max Bid | J2: Position | K2: Name | L2: Amount | M2: Bye | N2: Tier
J3: QB1 | K3: Josh Allen | L3: 25 | M3: 7 | N3: 1
J4: RB1 | K4: Cam Akers | L4: 20
J5: WR1 | K5: Tyreek Hill | L5: 27
J6: WR2 | K6: JuJu Smith-Schuster | L6: 12 | P6: Get big WR (Tier 1-2) | Q6: $20-$30 range
J7: TE | K7: TJ Hockenson | L7: 10
J8: RB2 | K8: JK Dobbins | L8: 17
J9: D/ST | K9: San Francisco | L9: 4
J10: K | K10: Matt Gay | L10: 3
J11: RB3 | K11: Elijah Mitchell | L11: 17
J12: RB4 | K12: James Cook | L12: 7
J13: QB1 | K13: Tom Brady | L13: 10
J14: RB5 | K14: Rashaad Penny | L14: 10
J15: D/ST | K15: IND DST | L15: 2
J16: WR3 | K16: Drake London | L16: 8
J17: WR4 | K17: Christian Kirk | L17: 12 | P17: Go D/ST 1st
J18: RB6 | K18: Devin Singletary | L18: 6
L20: =sum(L3:L18) -> 190 | N20: =average(N3:N18) -> 1
B43: =vlookup(A43,Masterview!A$2:N$1075, 3, False) -> #N/A | C43: =vlookup(A43,Masterview!A$2:N$1075, 4, False) -> #N/A | D43: =vlookup(A43,Masterview!A$2:N$1075,5, False) -> #N/A | E43: =vlookup(A43,Masterview!A$2:N$1075,6, False) -> #N/A | G43: =vlookup(A43,Masterview!A$2:N$928, 10, False) -> #N/A

Sheet Team Bye List
A1: Team | B1: Bye Week
A2: ARI | B2: 13
A3: ATL | B3: 14
A4: BAL | B4: 10
A5: BUF | B5: 7
A6: CAR | B6: 13
A7: CHI | B7: 14
A8: CIN | B8: 10
A9: CLE | B9: 9
A10: DAL | B10: 9
A11: DEN | B11: 9
A12: DET | B12: 6
A13: GB | B13: 14
... A33: WAS | B33: 14

Sheet Keepers
A1: Name | B1: Pos | C1: Value
A2: Josh Allen | B2: =VLOOKUP(A2, Rotowire!$B$1:$E$545, 3, FALSE) -> QB | C2: 25
A3: Jaylen Waddle | B3: WR | C3: 14
A4: Mark Andrews | B4: =VLOOKUP(A4, Rotowire!$B$1:$E$545, 3, FALSE) -> TE | C4: 30
A5: Austin Ekeler | B5: =VLOOKUP(A5, Rotowire!$B$1:$E$545, 3, FALSE) -> RB | C5: 50
A6: CeeDee Lamb | B6: =VLOOKUP(A6, Rotowire!$B$1:$E$545, 3, FALSE) -> WR | C6: 23
A7: Kyle Pitts | B7: =VLOOKUP(A7, Rotowire!$B$1:$E$545, 3, FALSE) -> TE | C7: 33
A8: Leonard Fournette | B8: =VLOOKUP(A8, Rotowire!$B$1:$E$545, 3, FALSE) -> RB | C8: 23
A9: Mike Williams | B9: =VLOOKUP(A9, Rotowire!$B$1:$E$545, 3, FALSE) -> WR | C9: 20
A10: Justin Herbert | B10: =VLOOKUP(A10, Rotowire!$B$1:$E$545, 3, FALSE) -> QB | C10: 22
A11: Ja'Marr Chase | B11: =VLOOKUP(A11, Rotowire!$B$1:$E$545, 3, FALSE) -> WR | C11: 17
A12: Joe Burrow | B12: =VLOOKUP(A12, Rotowire!$B$1:$E$545, 3, FALSE) -> QB | C12: 13
A13: Derrick Henry | B13: =VLOOKUP(A13, Rotowire!$B$1:$E$545, 3, FALSE) -> RB | C13: 50
A14: Tee Higgins | B14: =VLOOKUP(A14, Rotowire!$B$1:$E$545, 3, FALSE) -> WR | C14: 28
A15: Cooper Kupp | B15: =VLOOKUP(A15, Rotowire!$B$1:$E$545, 3, FALSE) -> WR | C15: 33
... A22: Stefon Diggs | B22: =VLOOKUP(A22, Rotowire!$B$1:$E$545, 3, FALSE) -> WR | C22: 34

Sheet Player Name
A1: Name | B1: Team | C1: Pos
A2: A.J. Brown | B2: WR | C2: PHI
A3: A.J. Green | B3: WR | C3: ARZ
A4: Aaron Fuller | B4: WR | C4: SEA
A5: Aaron Jones | B5: RB | C5: GB
A6: Aaron Rodgers | B6: QB | C6: GB
A7: Adam Humphries | B7: WR | C7: FA
A8: Adam Prentice | B8: RB | C8: NO
A9: Adam Shaheen | B9: TE | C9: MIA
A10: Adam Thielen | B10: WR | C10: MIN
A11: Adam Trautman | B11: TE | C11: NO
A12: Adrian Killins | B12: RB | C12: FA
... A1076: Zonovan Knight | B1076: RB | C1076: NYJ
